============================= test session starts ==============================
platform linux -- Python 3.12.14, pytest-9.1.1, pluggy-1.6.0 -- /opt/hostedtoolcache/Python/3.12.14/x64/bin/python
cachedir: .pytest_cache
rootdir: /home/runner/work/worldwalker-rpg/worldwalker-rpg
collecting ... collected 1269 items

tests/test_ability_similarity_order.py::test_duplicate_comparison_is_symmetric PASSED [  0%]
tests/test_ability_similarity_order.py::test_previously_failing_reroll_seed_stays_distinct PASSED [  0%]
tests/test_arc_director.py::test_active_quest_becomes_optional_campaign_arc PASSED [  0%]
tests/test_arc_director.py::test_unrelated_action_does_not_advance_arc PASSED [  0%]
tests/test_arc_director.py::test_relevant_choices_move_arc_only_when_they_touch_it PASSED [  0%]
tests/test_arc_director.py::test_explicit_resolution_creates_epilogue_and_quiet_period PASSED [  0%]
tests/test_arc_director.py::test_repeated_training_can_become_development_arc_without_ai PASSED [  0%]
tests/test_arc_director.py::test_quest_completed_elsewhere_still_closes_its_arc PASSED [  0%]
tests/test_atlas_context.py::AtlasContextTests::test_ambitions_and_past_tense_do_not_grant_land PASSED [  0%]
tests/test_atlas_context.py::AtlasContextTests::test_campaign_changes_override_era PASSED [  0%]
tests/test_atlas_context.py::AtlasContextTests::test_canon_starts_do_not_automatically_own_land PASSED [  0%]
tests/test_atlas_context.py::AtlasContextTests::test_country_claim_and_estate_creation PASSED [  0%]
tests/test_atlas_context.py::AtlasContextTests::test_early_naruto_does_not_place_sound PASSED [  1%]
tests/test_atlas_context.py::AtlasContextTests::test_gm_receives_compact_starting_history PASSED [  1%]
tests/test_atlas_context.py::AtlasContextTests::test_jjk_city_does_not_annex_japan PASSED [  1%]
tests/test_atlas_context.py::AtlasContextTests::test_late_start_and_recorded_foundation PASSED [  1%]
tests/test_atlas_context.py::AtlasContextTests::test_old_save_without_anchor_does_not_guess_from_current_day PASSED [  1%]
tests/test_atlas_context.py::AtlasContextTests::test_one_piece_occupation_sovereignty_and_protection PASSED [  1%]
tests/test_atlas_context.py::AtlasContextTests::test_readonly_and_world_isolation PASSED [  1%]
tests/test_atlas_context.py::AtlasContextTests::test_tempest_not_created_by_elapsed_days PASSED [  1%]
tests/test_atlas_context.py::AtlasContextTests::test_village_capture_not_country_annexation PASSED [  1%]
tests/test_bleach_tactical.py::BleachTacticalTests::test_board_uses_bleach_rules_without_rescaling_enemy PASSED [  1%]
tests/test_bleach_tactical.py::BleachTacticalTests::test_campaign_original_numbered_kido_is_supported_and_persistent PASSED [  1%]
tests/test_bleach_tactical.py::BleachTacticalTests::test_canon_hado_and_bakudo_get_distinct_effects PASSED [  1%]
tests/test_bleach_tactical.py::BleachTacticalTests::test_http_endpoint_resolves_bleach_kido PASSED [  1%]
tests/test_bleach_tactical.py::BleachTacticalTests::test_informational_kido_is_not_faked_as_an_attack PASSED [  2%]
tests/test_bleach_tactical.py::BleachTacticalTests::test_kido_cast_spends_reiryoku_and_affects_target PASSED [  2%]
tests/test_bleach_tactical.py::BleachTacticalTests::test_legacy_finalizer_respects_tactical_casualties PASSED [  2%]
tests/test_bleach_tactical.py::BleachTacticalTests::test_release_application_requires_its_active_form PASSED [  2%]
tests/test_bleach_tactical.py::BleachTacticalTests::test_release_profile_synchronizes_into_combat_options PASSED [  2%]
tests/test_bleach_tactical.py::BleachTacticalTests::test_shikai_is_a_free_form_change_and_updates_portrait PASSED [  2%]
tests/test_bleach_tactical.py::BleachTacticalTests::test_unachieved_releases_are_not_exposed PASSED [  2%]
tests/test_bleach_tactical.py::BleachTacticalTests::test_unknown_ability_remains_disabled PASSED [  2%]
tests/test_chronicle_focus.py::test_new_turn_focus_uses_geometry_from_same_scroll_coordinate_system PASSED [  2%]
tests/test_chronicle_focus.py::test_completed_turn_requests_focus_on_first_new_beat PASSED [  2%]
tests/test_chronicle_readability.py::ChronicleReadabilityTests::test_distinct_facts_are_not_glued_together PASSED [  2%]
tests/test_chronicle_readability.py::ChronicleReadabilityTests::test_exact_repeats_and_placeholders PASSED [  2%]
tests/test_chronicle_readability.py::ChronicleReadabilityTests::test_font_bundled_and_old_texture_not_used PASSED [  2%]
tests/test_chronicle_readability.py::ChronicleReadabilityTests::test_no_truncation_or_approximate_dedup PASSED [  3%]
tests/test_chronicle_readability.py::ChronicleReadabilityTests::test_special_stone_classifier_ignores_incidental_words PASSED [  3%]
tests/test_chronicle_readability.py::ChronicleReadabilityTests::test_writing_rule_is_in_request_not_extra_ai_call PASSED [  3%]
tests/test_effect_family_library.py::test_phase_one_has_exactly_thirty_unique_effect_families PASSED [  3%]
tests/test_effect_family_library.py::test_shared_compiler_assigns_reusable_visual_families PASSED [  3%]
tests/test_friend_accounts.py::FriendAccountTests::test_friend_accounts_hash_passwords_and_authenticate PASSED [  3%]
tests/test_friend_accounts.py::FriendAccountTests::test_friend_game_registry_isolates_settings_and_saves PASSED [  3%]
tests/test_friend_accounts.py::FriendAccountTests::test_new_account_never_inherits_global_or_environment_api_secret PASSED [  3%]
tests/test_friend_accounts.py::FriendAccountTests::test_old_campaign_import_stays_with_importing_friend PASSED [  3%]
tests/test_friend_accounts.py::FriendAccountTests::test_registration_limit_and_invite_code PASSED [  3%]
tests/test_friend_server_routes.py::FriendServerRouteTests::test_two_accounts_join_one_room_with_separate_characters_and_plans PASSED [  3%]
tests/test_friend_server_routes.py::FriendServerRouteTests::test_two_browser_sessions_cannot_see_each_others_campaigns PASSED [  3%]
tests/test_life_simulation.py::test_old_save_migrates_life_engine_and_context PASSED [  4%]
tests/test_life_simulation.py::test_companion_goal_and_relationship_phase_are_shared_context PASSED [  4%]
tests/test_life_simulation.py::test_standing_mentorship_develops_without_inventing_promotion PASSED [  4%]
tests/test_life_simulation.py::test_family_milestone_requires_choice_and_resolves_locally PASSED [  4%]
tests/test_life_simulation.py::test_only_explicit_authored_life_events_are_recorded PASSED [  4%]
tests/test_life_simulation.py::test_world_specific_legacy_terms_and_deduplication PASSED [  4%]
tests/test_living_adventures.py::test_every_world_has_fixed_calendar_and_real_local_clock[One Piece] PASSED [  4%]
tests/test_living_adventures.py::test_every_world_has_fixed_calendar_and_real_local_clock[Hunter x Hunter] PASSED [  4%]
tests/test_living_adventures.py::test_every_world_has_fixed_calendar_and_real_local_clock[Naruto] PASSED [  4%]
tests/test_living_adventures.py::test_every_world_has_fixed_calendar_and_real_local_clock[Solo Max-Level Newbie] PASSED [  4%]
tests/test_living_adventures.py::test_every_world_has_fixed_calendar_and_real_local_clock[Overgeared] PASSED [  4%]
tests/test_living_adventures.py::test_every_world_has_fixed_calendar_and_real_local_clock[Reincarnated as a Slime] PASSED [  4%]
tests/test_living_adventures.py::test_every_world_has_fixed_calendar_and_real_local_clock[Bleach] PASSED [  4%]
tests/test_living_adventures.py::test_every_world_has_fixed_calendar_and_real_local_clock[Jujutsu Kaisen] PASSED [  5%]
tests/test_living_adventures.py::test_every_world_has_fixed_calendar_and_real_local_clock[Custom World] PASSED [  5%]
tests/test_living_adventures.py::test_world_calendar_never_restarts_for_another_starting_era[One Piece] PASSED [  5%]
tests/test_living_adventures.py::test_world_calendar_never_restarts_for_another_starting_era[Hunter x Hunter] PASSED [  5%]
tests/test_living_adventures.py::test_world_calendar_never_restarts_for_another_starting_era[Naruto] PASSED [  5%]
tests/test_living_adventures.py::test_world_calendar_never_restarts_for_another_starting_era[Solo Max-Level Newbie] PASSED [  5%]
tests/test_living_adventures.py::test_world_calendar_never_restarts_for_another_starting_era[Overgeared] PASSED [  5%]
tests/test_living_adventures.py::test_world_calendar_never_restarts_for_another_starting_era[Reincarnated as a Slime] PASSED [  5%]
tests/test_living_adventures.py::test_world_calendar_never_restarts_for_another_starting_era[Bleach] PASSED [  5%]
tests/test_living_adventures.py::test_world_calendar_never_restarts_for_another_starting_era[Jujutsu Kaisen] PASSED [  5%]
tests/test_living_adventures.py::test_world_calendar_never_restarts_for_another_starting_era[Custom World] PASSED [  5%]
tests/test_living_adventures.py::test_calendar_anchors_and_legacy_epoch PASSED [  5%]
tests/test_living_adventures.py::test_month_end_leap_year_and_clock_alignment PASSED [  5%]
tests/test_living_adventures.py::test_invalid_durations_do_not_enter_calendar[nan-hours] PASSED [  6%]
tests/test_living_adventures.py::test_invalid_durations_do_not_enter_calendar[inf-days] PASSED [  6%]
tests/test_living_adventures.py::test_invalid_durations_do_not_enter_calendar[-1-minutes] PASSED [  6%]
tests/test_living_adventures.py::test_invalid_durations_do_not_enter_calendar[1-nonsense] PASSED [  6%]
tests/test_living_adventures.py::test_javascript_python_calendar_parity PASSED [  6%]
tests/test_living_adventures.py::test_read_views_and_cancel_change_nothing PASSED [  6%]
tests/test_living_adventures.py::test_timed_action_keeps_draft_plans_and_replays_once PASSED [  6%]
tests/test_living_adventures.py::test_quote_rejects_tampering_stale_state_and_remote_activity PASSED [  6%]
tests/test_living_adventures.py::test_busy_action_rejected_and_quote_bound_to_campaign PASSED [  6%]
tests/test_living_adventures.py::test_real_purchase_cost_stock_and_retry PASSED [  6%]
tests/test_living_adventures.py::test_missing_stock_rolls_back_time PASSED [  6%]
tests/test_living_adventures.py::test_activity_boundary_resume_and_no_premature_purchase PASSED [  6%]
tests/test_living_adventures.py::test_people_exclude_dead_contacts_and_nonparty_travel PASSED [  7%]
tests/test_living_adventures.py::test_journey_options_real_edges_and_pace PASSED [  7%]
tests/test_living_adventures.py::test_sea_and_tower_access_are_not_fabricated PASSED [  7%]
tests/test_living_adventures.py::test_journey_commits_only_reached_waypoints_and_moves_companion PASSED [  7%]
tests/test_living_adventures.py::test_objective_boards_support_all_worlds_without_refresh_progress[retrieval-One Piece] PASSED [  7%]
tests/test_living_adventures.py::test_objective_boards_support_all_worlds_without_refresh_progress[retrieval-Hunter x Hunter] PASSED [  7%]
tests/test_living_adventures.py::test_objective_boards_support_all_worlds_without_refresh_progress[retrieval-Naruto] PASSED [  7%]
tests/test_living_adventures.py::test_objective_boards_support_all_worlds_without_refresh_progress[retrieval-Solo Max-Level Newbie] PASSED [  7%]
tests/test_living_adventures.py::test_objective_boards_support_all_worlds_without_refresh_progress[retrieval-Overgeared] PASSED [  7%]
tests/test_living_adventures.py::test_objective_boards_support_all_worlds_without_refresh_progress[retrieval-Reincarnated as a Slime] PASSED [  7%]
tests/test_living_adventures.py::test_objective_boards_support_all_worlds_without_refresh_progress[retrieval-Bleach] PASSED [  7%]
tests/test_living_adventures.py::test_objective_boards_support_all_worlds_without_refresh_progress[retrieval-Jujutsu Kaisen] PASSED [  7%]
tests/test_living_adventures.py::test_objective_boards_support_all_worlds_without_refresh_progress[retrieval-Custom World] PASSED [  7%]
tests/test_living_adventures.py::test_objective_boards_support_all_worlds_without_refresh_progress[protection-One Piece] PASSED [  8%]
tests/test_living_adventures.py::test_objective_boards_support_all_worlds_without_refresh_progress[protection-Hunter x Hunter] PASSED [  8%]
tests/test_living_adventures.py::test_objective_boards_support_all_worlds_without_refresh_progress[protection-Naruto] PASSED [  8%]
tests/test_living_adventures.py::test_objective_boards_support_all_worlds_without_refresh_progress[protection-Solo Max-Level Newbie] PASSED [  8%]
tests/test_living_adventures.py::test_objective_boards_support_all_worlds_without_refresh_progress[protection-Overgeared] PASSED [  8%]
tests/test_living_adventures.py::test_objective_boards_support_all_worlds_without_refresh_progress[protection-Reincarnated as a Slime] PASSED [  8%]
tests/test_living_adventures.py::test_objective_boards_support_all_worlds_without_refresh_progress[protection-Bleach] PASSED [  8%]
tests/test_living_adventures.py::test_objective_boards_support_all_worlds_without_refresh_progress[protection-Jujutsu Kaisen] PASSED [  8%]
tests/test_living_adventures.py::test_objective_boards_support_all_worlds_without_refresh_progress[protection-Custom World] PASSED [  8%]
tests/test_living_adventures.py::test_objective_boards_support_all_worlds_without_refresh_progress[escape-One Piece] PASSED [  8%]
tests/test_living_adventures.py::test_objective_boards_support_all_worlds_without_refresh_progress[escape-Hunter x Hunter] PASSED [  8%]
tests/test_living_adventures.py::test_objective_boards_support_all_worlds_without_refresh_progress[escape-Naruto] PASSED [  8%]
tests/test_living_adventures.py::test_objective_boards_support_all_worlds_without_refresh_progress[escape-Solo Max-Level Newbie] PASSED [  8%]
tests/test_living_adventures.py::test_objective_boards_support_all_worlds_without_refresh_progress[escape-Overgeared] PASSED [  9%]
tests/test_living_adventures.py::test_objective_boards_support_all_worlds_without_refresh_progress[escape-Reincarnated as a Slime] PASSED [  9%]
tests/test_living_adventures.py::test_objective_boards_support_all_worlds_without_refresh_progress[escape-Bleach] PASSED [  9%]
tests/test_living_adventures.py::test_objective_boards_support_all_worlds_without_refresh_progress[escape-Jujutsu Kaisen] PASSED [  9%]
tests/test_living_adventures.py::test_objective_boards_support_all_worlds_without_refresh_progress[escape-Custom World] PASSED [  9%]
tests/test_living_adventures.py::test_kill_all_cannot_replace_objective_and_actual_goal_commits_once[retrieval] PASSED [  9%]
tests/test_living_adventures.py::test_kill_all_cannot_replace_objective_and_actual_goal_commits_once[escape] PASSED [  9%]
tests/test_living_adventures.py::test_beacon_damage_shield_rounds_and_loss PASSED [  9%]
tests/test_living_adventures.py::test_carrier_drop_and_distance_validation PASSED [  9%]
tests/test_living_adventures.py::test_failed_objective_awards_no_reward_and_journey_has_no_phantom_mission PASSED [  9%]
tests/test_living_adventures.py::test_narrator_cannot_complete_local_objective_or_rewrite_mission PASSED [  9%]
tests/test_living_adventures.py::test_canon_reference_unmasked_but_not_npc_knowledge PASSED [  9%]
tests/test_living_adventures.py::test_rest_and_preparation_do_not_farm_passive_xp PASSED [ 10%]
tests/test_living_adventures.py::test_monthly_assessment_budget_uses_actual_leap_month PASSED [ 10%]
tests/test_living_adventures.py::test_all_three_adventure_aftermaths_apply_real_benefits PASSED [ 10%]
tests/test_living_adventures.py::test_appointment_pauses_journey_and_resume_preserves_distance PASSED [ 10%]
tests/test_living_adventures.py::test_active_objective_survives_actual_save_reload PASSED [ 10%]
tests/test_living_world.py::test_interpretation_exposes_duration_target_and_standing_intent PASSED [ 10%]
tests/test_living_world.py::test_ambiguous_general_action_requires_confirmation PASSED [ 10%]
tests/test_living_world.py::test_repeated_behavior_creates_causal_follow_up_not_random_crisis PASSED [ 10%]
tests/test_living_world.py::test_outcome_variety_is_recorded_locally PASSED [ 10%]
tests/test_living_world.py::test_recorded_goal_is_not_pasted_into_fabricated_dialogue PASSED [ 10%]
tests/test_map_reliability.py::MapReliabilityTests::test_empty_and_ambiguous_routes_fail_closed PASSED [ 10%]
tests/test_map_reliability.py::MapReliabilityTests::test_exact_holding_correction_preserves_extent_after_reload PASSED [ 10%]
tests/test_map_reliability.py::MapReliabilityTests::test_http_review_and_stale_preview_are_nonmutating PASSED [ 10%]
tests/test_map_reliability.py::MapReliabilityTests::test_lost_holding_does_not_reappear_after_normalization_and_reload PASSED [ 11%]
tests/test_map_reliability.py::MapReliabilityTests::test_malformed_narrative_hex_count_does_not_block_load PASSED [ 11%]
tests/test_map_reliability.py::MapReliabilityTests::test_no_substring_capture_from_nearby_location PASSED [ 11%]
tests/test_map_reliability.py::MapReliabilityTests::test_queued_travel_legs_chain PASSED [ 11%]
tests/test_map_reliability.py::MapReliabilityTests::test_review_is_readonly_deduplicated_and_not_npc_or_plan PASSED [ 11%]
tests/test_map_reliability.py::MapReliabilityTests::test_sub_location_prefers_longest_landmark PASSED [ 11%]
tests/test_map_reliability.py::MapReliabilityTests::test_transfer_not_reverted_by_unchanged_old_location_detail PASSED [ 11%]
tests/test_map_reliability.py::MapReliabilityTests::test_unknown_territory_rejected_without_writing PASSED [ 11%]
tests/test_map_reliability.py::MapReliabilityTests::test_village_correction_does_not_annex_country PASSED [ 11%]
tests/test_map_workspace.py::MapWorkspaceTests::test_approved_living_map_is_the_main_layout_not_a_separate_screen PASSED [ 11%]
tests/test_map_workspace.py::MapWorkspaceTests::test_each_world_map_snapshot_contains_only_that_worlds_landmarks PASSED [ 11%]
tests/test_map_workspace.py::MapWorkspaceTests::test_every_map_is_zoom_ready 
tests/test_map_workspace.py::MapWorkspaceTests::test_every_map_is_zoom_ready PASSED [ 11%]
tests/test_map_workspace.py::MapWorkspaceTests::test_living_map_preserves_tracking_and_world_layer_rules PASSED [ 11%]
tests/test_map_workspace.py::MapWorkspaceTests::test_main_map_uses_only_active_world_payload_and_supports_semantic_zoom PASSED [ 12%]
tests/test_map_workspace.py::MapWorkspaceTests::test_naruto_canon_polities_use_stable_country_geometry PASSED [ 12%]
tests/test_map_workspace.py::MapWorkspaceTests::test_naruto_major_and_minor_canon_places_are_plotted PASSED [ 12%]
tests/test_model_choices.py::ModelChoiceTests::test_cloud_model_ladder_and_presets_are_exposed PASSED [ 12%]
tests/test_model_choices.py::ModelChoiceTests::test_current_sol_pricing_is_used_by_cost_estimator PASSED [ 12%]
tests/test_multiplayer.py::MultiplayerStoreTests::test_disconnected_player_passes_even_if_they_were_ready PASSED [ 12%]
tests/test_multiplayer.py::MultiplayerStoreTests::test_each_member_has_independent_actions_and_character_view PASSED [ 12%]
tests/test_multiplayer.py::MultiplayerStoreTests::test_each_player_receives_a_durable_proximity_aware_chronicle PASSED [ 12%]
tests/test_multiplayer.py::MultiplayerStoreTests::test_no_ready_players_produces_one_pass_moment_and_round_resets PASSED [ 12%]
tests/test_multiplayer.py::MultiplayerStoreTests::test_old_save_is_copied_into_shared_room_without_overwriting_original PASSED [ 12%]
tests/test_multiplayer.py::MultiplayerStoreTests::test_unspecified_local_scene_falls_back_to_character_proximity PASSED [ 12%]
tests/test_narrative_state_bridge.py::NarrativeStateBridgeTests::test_confirmed_death_preserves_historical_roster PASSED [ 12%]
tests/test_narrative_state_bridge.py::NarrativeStateBridgeTests::test_correction_preview_preserves_object_details PASSED [ 13%]
tests/test_narrative_state_bridge.py::NarrativeStateBridgeTests::test_destroyed_equipped_item_does_not_remain_equipped PASSED [ 13%]
tests/test_narrative_state_bridge.py::NarrativeStateBridgeTests::test_discovery_does_not_teleport_player PASSED [ 13%]
tests/test_narrative_state_bridge.py::NarrativeStateBridgeTests::test_explicit_npc_death_reaches_memory PASSED [ 13%]
tests/test_narrative_state_bridge.py::NarrativeStateBridgeTests::test_explicit_old_save_correction_and_case_safe_skill PASSED [ 13%]
tests/test_narrative_state_bridge.py::NarrativeStateBridgeTests::test_missing_mechanics_reaches_existing_review PASSED [ 13%]
tests/test_narrative_state_bridge.py::NarrativeStateBridgeTests::test_new_records_survive_save_round_trip_all_worlds 
tests/test_narrative_state_bridge.py::NarrativeStateBridgeTests::test_new_records_survive_save_round_trip_all_worlds PASSED [ 13%]
tests/test_narrative_state_bridge.py::NarrativeStateBridgeTests::test_npc_death_http_preview_and_stale_guard PASSED [ 13%]
tests/test_narrative_state_bridge.py::NarrativeStateBridgeTests::test_npc_skill_does_not_go_to_player PASSED [ 13%]
tests/test_narrative_state_bridge.py::NarrativeStateBridgeTests::test_old_save_review_is_read_only_and_skips_later_loss PASSED [ 13%]
tests/test_narrative_state_bridge.py::NarrativeStateBridgeTests::test_quest_evidence_does_not_override_in_progress PASSED [ 13%]
tests/test_narrative_state_bridge.py::NarrativeStateBridgeTests::test_real_skip_syncs_new_skill_without_teleport PASSED [ 13%]
tests/test_narrative_state_bridge.py::NarrativeStateBridgeTests::test_safe_gain_and_completion_still_work PASSED [ 13%]
tests/test_narrative_state_bridge.py::NarrativeStateBridgeTests::test_sharingan_gain_syncs_special_panel PASSED [ 14%]
tests/test_narrative_state_bridge.py::NarrativeStateBridgeTests::test_skill_names_do_not_duplicate_by_case PASSED [ 14%]
tests/test_narrative_state_bridge.py::NarrativeStateBridgeTests::test_tactical_receipt_syncs_named_death_once PASSED [ 14%]
tests/test_narrative_state_bridge.py::NarrativeStateBridgeTests::test_uncertain_death_does_not_kill_player PASSED [ 14%]
tests/test_naruto_tactical.py::NarutoTacticalTests::test_all_curated_footprints_are_bounded_in_every_direction 
tests/test_naruto_tactical.py::NarutoTacticalTests::test_all_curated_footprints_are_bounded_in_every_direction PASSED [ 14%]
tests/test_naruto_tactical.py::NarutoTacticalTests::test_bandit_does_not_scale_to_player PASSED [ 14%]
tests/test_naruto_tactical.py::NarutoTacticalTests::test_bonus_is_a_fresh_choice PASSED [ 14%]
tests/test_naruto_tactical.py::NarutoTacticalTests::test_catalog_and_contact_range PASSED [ 14%]
tests/test_naruto_tactical.py::NarutoTacticalTests::test_clone_invalid_targets_do_not_spend_or_spawn 
tests/test_naruto_tactical.py::NarutoTacticalTests::test_clone_invalid_targets_do_not_spend_or_spawn PASSED [ 14%]
tests/test_naruto_tactical.py::NarutoTacticalTests::test_clone_retains_portrait_when_host_reverts PASSED [ 14%]
tests/test_naruto_tactical.py::NarutoTacticalTests::test_clone_splits_remaining_chakra PASSED [ 14%]
tests/test_naruto_tactical.py::NarutoTacticalTests::test_connected_boards_across_seeds PASSED [ 14%]
tests/test_naruto_tactical.py::NarutoTacticalTests::test_controlled_ally_uses_own_position_stats_and_ability PASSED [ 14%]
tests/test_naruto_tactical.py::NarutoTacticalTests::test_described_sweep_and_unknown_complex_skill PASSED [ 15%]
tests/test_naruto_tactical.py::NarutoTacticalTests::test_disabled_default_other_world PASSED [ 15%]
tests/test_naruto_tactical.py::NarutoTacticalTests::test_duplicate_after_json_reload PASSED [ 15%]
tests/test_naruto_tactical.py::NarutoTacticalTests::test_each_controlled_ally_receives_its_own_speed_bonus_choice PASSED [ 15%]
tests/test_naruto_tactical.py::NarutoTacticalTests::test_enemy_canonical_cast_uses_own_resource PASSED [ 15%]
tests/test_naruto_tactical.py::NarutoTacticalTests::test_enemy_paralysis_survives_into_player_turn PASSED [ 15%]
tests/test_naruto_tactical.py::NarutoTacticalTests::test_event_animation_origin_is_caster_not_host PASSED [ 15%]
tests/test_naruto_tactical.py::NarutoTacticalTests::test_every_curated_move_resolves_with_established_requirements 
tests/test_naruto_tactical.py::NarutoTacticalTests::test_every_curated_move_resolves_with_established_requirements PASSED [ 15%]
tests/test_naruto_tactical.py::NarutoTacticalTests::test_form_free_and_no_stack_revert PASSED [ 15%]
tests/test_naruto_tactical.py::NarutoTacticalTests::test_guest_cannot_spend_hosts_chakra PASSED [ 15%]
tests/test_naruto_tactical.py::NarutoTacticalTests::test_kai_only_cleans_genjutsu PASSED [ 15%]
tests/test_naruto_tactical.py::NarutoTacticalTests::test_kirin_requires_conditions PASSED [ 15%]
tests/test_naruto_tactical.py::NarutoTacticalTests::test_lan_browser_request_ids_do_not_require_random_uuid PASSED [ 15%]
tests/test_naruto_tactical.py::NarutoTacticalTests::test_learned_catalog_skills_survive_legacy_selector_filter PASSED [ 16%]
tests/test_naruto_tactical.py::NarutoTacticalTests::test_local_endpoint_cannot_be_disabled_after_shipping PASSED [ 16%]
tests/test_naruto_tactical.py::NarutoTacticalTests::test_local_endpoint_read_is_detached PASSED [ 16%]
tests/test_naruto_tactical.py::NarutoTacticalTests::test_local_endpoint_rejects_multiplayer_instead_of_mutating_host PASSED [ 16%]
tests/test_naruto_tactical.py::NarutoTacticalTests::test_missing_boost_not_generic_transform PASSED [ 16%]
tests/test_naruto_tactical.py::NarutoTacticalTests::test_missing_boosts_and_locked_future_forms_remain_unavailable PASSED [ 16%]
tests/test_naruto_tactical.py::NarutoTacticalTests::test_narrative_and_legacy_bypass_blocked PASSED [ 16%]
tests/test_naruto_tactical.py::NarutoTacticalTests::test_no_real_saves_created PASSED [ 16%]
tests/test_naruto_tactical.py::NarutoTacticalTests::test_normal_state_always_routes_supported_combat_to_tactical PASSED [ 16%]
tests/test_naruto_tactical.py::NarutoTacticalTests::test_original_visuals_reference_real_exported_assets PASSED [ 16%]
tests/test_naruto_tactical.py::NarutoTacticalTests::test_outcome_persisted_and_deduplicated PASSED [ 16%]
tests/test_naruto_tactical.py::NarutoTacticalTests::test_paralysis_blocks_movement_and_cast PASSED [ 16%]
tests/test_naruto_tactical.py::NarutoTacticalTests::test_rollback_invalid_range PASSED [ 17%]
tests/test_naruto_tactical.py::NarutoTacticalTests::test_room_clone_is_not_another_human_turn PASSED [ 17%]
tests/test_naruto_tactical.py::NarutoTacticalTests::test_room_completion_publishes_once PASSED [ 17%]
tests/test_naruto_tactical.py::NarutoTacticalTests::test_room_guest_can_finish_encounter_and_preserve_host_resource PASSED [ 17%]
tests/test_naruto_tactical.py::NarutoTacticalTests::test_room_json_reconnect_retry_and_next_owner PASSED [ 17%]
tests/test_naruto_tactical.py::NarutoTacticalTests::test_room_ownership_and_ten_minute_pass PASSED [ 17%]
tests/test_naruto_tactical.py::NarutoTacticalTests::test_single_player_controls_every_present_combat_ally PASSED [ 17%]
tests/test_naruto_tactical.py::NarutoTacticalTests::test_sparing_is_not_killing PASSED [ 17%]
tests/test_naruto_tactical.py::NarutoTacticalTests::test_special_profile_form_can_cast_without_rewriting_skills PASSED [ 17%]
tests/test_naruto_tactical.py::NarutoTacticalTests::test_stale_request_rejected PASSED [ 17%]
tests/test_naruto_tactical.py::NarutoTacticalTests::test_state_migration_preserves_positions_and_spent_action PASSED [ 17%]
tests/test_naruto_tactical.py::NarutoTacticalTests::test_teleport_requires_saved_mark PASSED [ 17%]
tests/test_one_piece_tactical.py::OnePieceTacticalTests::test_canon_registry_covers_major_fruits_haki_styles_and_named_techniques PASSED [ 17%]
tests/test_one_piece_tactical.py::OnePieceTacticalTests::test_every_canon_technique_is_locally_preset_without_ai_generation PASSED [ 18%]
tests/test_one_piece_tactical.py::OnePieceTacticalTests::test_every_curated_move_has_explicit_tactical_geometry_and_visual PASSED [ 18%]
tests/test_one_piece_tactical.py::OnePieceTacticalTests::test_flight_and_geppo_cross_but_do_not_land_on_obstacles PASSED [ 18%]
tests/test_one_piece_tactical.py::OnePieceTacticalTests::test_fruit_profile_applications_and_zoan_forms PASSED [ 18%]
tests/test_one_piece_tactical.py::OnePieceTacticalTests::test_haki_profiles_compile_and_capabilities_require_awakened_record PASSED [ 18%]
tests/test_one_piece_tactical.py::OnePieceTacticalTests::test_legacy_haki_save_is_migrated_into_visible_tactical_options PASSED [ 18%]
tests/test_one_piece_tactical.py::OnePieceTacticalTests::test_logia_requires_haki_seastone_or_counter PASSED [ 18%]
tests/test_one_piece_tactical.py::OnePieceTacticalTests::test_one_piece_board_is_world_specific_and_keeps_enemy_strength PASSED [ 18%]
tests/test_one_piece_tactical.py::OnePieceTacticalTests::test_room_shambles_swaps_actual_board_positions PASSED [ 18%]
tests/test_one_piece_tactical.py::OnePieceTacticalTests::test_seastone_does_not_disable_unrelated_physical_technique PASSED [ 18%]
tests/test_one_piece_tactical.py::OnePieceTacticalTests::test_seastone_or_submersion_suppresses_power_without_spending PASSED [ 18%]
tests/test_one_piece_tactical.py::OnePieceTacticalTests::test_successful_conquerors_overwhelm_emits_victory_cinematic_only_on_success PASSED [ 18%]
tests/test_one_piece_tactical.py::OnePieceTacticalTests::test_unrelated_unknown_fruit_power_is_not_invented PASSED [ 18%]
tests/test_one_piece_tactical.py::OnePieceTacticalTests::test_zoan_transform_is_free_and_updates_portrait_context PASSED [ 19%]
tests/test_relationship_life.py::RelationshipLifeTests::test_actor_dying_this_turn_cannot_send PASSED [ 19%]
tests/test_relationship_life.py::RelationshipLifeTests::test_all_death_representations_and_incapacitation_block 
tests/test_relationship_life.py::RelationshipLifeTests::test_all_death_representations_and_incapacitation_block PASSED [ 19%]
tests/test_relationship_life.py::RelationshipLifeTests::test_candidates_bounded_and_fair PASSED [ 19%]
tests/test_relationship_life.py::RelationshipLifeTests::test_chain_reason_dedup PASSED [ 19%]
tests/test_relationship_life.py::RelationshipLifeTests::test_chat_has_guidance_without_second_conversation_schema PASSED [ 19%]
tests/test_relationship_life.py::RelationshipLifeTests::test_chat_memory_includes_specific_experiences PASSED [ 19%]
tests/test_relationship_life.py::RelationshipLifeTests::test_combat_and_dead_player_have_no_social_prompt PASSED [ 19%]
tests/test_relationship_life.py::RelationshipLifeTests::test_cooldown_then_new_experience PASSED [ 19%]
tests/test_relationship_life.py::RelationshipLifeTests::test_current_turn_memory_waits PASSED [ 19%]
tests/test_relationship_life.py::RelationshipLifeTests::test_defer_preserves_opportunity_close_retires_it PASSED [ 19%]
tests/test_relationship_life.py::RelationshipLifeTests::test_goal_alone_does_not_create_message PASSED [ 19%]
tests/test_relationship_life.py::RelationshipLifeTests::test_in_person_requires_current_scene PASSED [ 20%]
tests/test_relationship_life.py::RelationshipLifeTests::test_malformed_optional_records_safe PASSED [ 20%]
tests/test_relationship_life.py::RelationshipLifeTests::test_nemesis_not_automatically_hostile_or_scaled PASSED [ 20%]
tests/test_relationship_life.py::RelationshipLifeTests::test_no_second_message_same_sender PASSED [ 20%]
tests/test_relationship_life.py::RelationshipLifeTests::test_no_stat_or_world_specific_assumptions PASSED [ 20%]
tests/test_relationship_life.py::RelationshipLifeTests::test_old_save_candidates_read_only PASSED [ 20%]
tests/test_relationship_life.py::RelationshipLifeTests::test_raw_bookkeeping_patch_is_blocked PASSED [ 20%]
tests/test_relationship_life.py::RelationshipLifeTests::test_reactive_messages_do_not_leak_on_keyword_overlap PASSED [ 20%]
tests/test_relationship_life.py::RelationshipLifeTests::test_real_normal_turn_delivers_followup PASSED [ 20%]
tests/test_relationship_life.py::RelationshipLifeTests::test_real_time_skip_delivers_into_existing_chat PASSED [ 20%]
tests/test_relationship_life.py::RelationshipLifeTests::test_retries_and_reload_do_not_repeat PASSED [ 20%]
tests/test_relationship_life.py::RelationshipLifeTests::test_roster_death_vetoes_stale_memory PASSED [ 20%]
tests/test_relationship_life.py::RelationshipLifeTests::test_send_changes_only_followup_bookkeeping PASSED [ 20%]
tests/test_relationship_life.py::RelationshipLifeTests::test_unreachable_and_wrong_delivery_block PASSED [ 21%]
tests/test_relationship_life.py::RelationshipLifeTests::test_unrecognized_id_actor_and_empty_delivery_rejected PASSED [ 21%]
tests/test_reliability_update.py::test_receipt_is_net_record_not_reward_calculation PASSED [ 21%]
tests/test_reliability_update.py::test_receipt_conceals_hidden_class_and_skills PASSED [ 21%]
tests/test_reliability_update.py::test_narrative_world_does_not_invent_xp PASSED [ 21%]
tests/test_reliability_update.py::test_fractional_currency_and_completed_quest_archive PASSED [ 21%]
tests/test_reliability_update.py::test_request_replays_once_and_survives_real_save_load PASSED [ 21%]
tests/test_reliability_update.py::test_unknown_or_mismatched_request_is_not_blindly_replayed PASSED [ 21%]
tests/test_reliability_update.py::test_error_rolls_back_and_does_not_make_receipt PASSED [ 21%]
tests/test_reliability_update.py::test_confirmation_is_not_a_completed_turn_summary[result0] PASSED [ 21%]
tests/test_reliability_update.py::test_confirmation_is_not_a_completed_turn_summary[result1] PASSED [ 21%]
tests/test_reliability_update.py::test_confirmation_is_not_a_completed_turn_summary[result2] PASSED [ 21%]
tests/test_reliability_update.py::test_combat_routes_preserve_request_ids PASSED [ 21%]
tests/test_reliability_update.py::test_post_assessment_guard_is_the_one_used_for_advance PASSED [ 22%]
tests/test_reliability_update.py::test_permanent_ai_errors_do_not_retry[400] PASSED [ 22%]
tests/test_reliability_update.py::test_permanent_ai_errors_do_not_retry[401] PASSED [ 22%]
tests/test_reliability_update.py::test_permanent_ai_errors_do_not_retry[403] PASSED [ 22%]
tests/test_reliability_update.py::test_permanent_ai_errors_do_not_retry[404] PASSED [ 22%]
tests/test_reliability_update.py::test_permanent_ai_errors_do_not_retry[422] PASSED [ 22%]
tests/test_reliability_update.py::test_quota_and_ordinary_rate_limit_do_not_hammer_provider PASSED [ 22%]
tests/test_reliability_update.py::test_recoverable_ai_errors_retry_only_once[first_error0] PASSED [ 22%]
tests/test_reliability_update.py::test_recoverable_ai_errors_retry_only_once[first_error1] PASSED [ 22%]
tests/test_reliability_update.py::test_budget_is_shared_by_roles_not_reset_by_each_request PASSED [ 22%]
tests/test_reliability_update.py::test_budget_refusal_sends_no_request PASSED [ 22%]
tests/test_reliability_update.py::test_ai_unknown_runtime_error_not_treated_as_bad_json PASSED [ 22%]
tests/test_reliability_update.py::test_npc_alias_and_shared_identity_resolve_without_rewriting_roster PASSED [ 23%]
tests/test_reliability_update.py::test_ambiguous_alias_never_updates_two_people PASSED [ 23%]
tests/test_reliability_update.py::test_conflicting_same_name_identities_are_not_merged PASSED [ 23%]
tests/test_reliability_update.py::test_invalid_cost_setting_has_no_partial_write[-1] PASSED [ 23%]
tests/test_reliability_update.py::test_invalid_cost_setting_has_no_partial_write[nan] PASSED [ 23%]
tests/test_reliability_update.py::test_invalid_cost_setting_has_no_partial_write[inf] PASSED [ 23%]
tests/test_skill_system.py::SkillSystemTests::test_barrier_absorbs_damage_instead_of_harming_enemy PASSED [ 23%]
tests/test_skill_system.py::SkillSystemTests::test_cleanse_removes_negative_player_status PASSED [ 23%]
tests/test_skill_system.py::SkillSystemTests::test_enemy_on_hit_conditions_apply_without_permanent_control_refresh PASSED [ 23%]
tests/test_skill_system.py::SkillSystemTests::test_inference_covers_non_damage_categories 
tests/test_skill_system.py::SkillSystemTests::test_inference_covers_non_damage_categories PASSED [ 23%]
tests/test_skill_system.py::SkillSystemTests::test_legacy_utility_barrier_is_upgraded_but_profession_stays_out_of_combat PASSED [ 23%]
tests/test_skill_system.py::SkillSystemTests::test_semantic_paralysis_blocks_enemy_and_player_actions PASSED [ 23%]
tests/test_skill_system.py::SkillSystemTests::test_stun_prevents_retaliation_and_utility_never_becomes_damage PASSED [ 23%]
tests/test_skill_system.py::SkillSystemTests::test_weakening_reduces_enemy_accuracy_damage_and_visible_values PASSED [ 24%]
tests/test_tactical_effects.py::TacticalEffectTests::test_ambiguous_power_is_visible_but_disabled PASSED [ 24%]
tests/test_tactical_effects.py::TacticalEffectTests::test_authored_geometry_wins_and_is_validated PASSED [ 24%]
tests/test_tactical_effects.py::TacticalEffectTests::test_barrier_and_close_attack_receive_different_geometry PASSED [ 24%]
tests/test_tactical_effects.py::TacticalEffectTests::test_healing_is_not_converted_to_an_attack PASSED [ 24%]
tests/test_tactical_effects.py::TacticalEffectTests::test_illusion_becomes_control_not_a_power_bonus PASSED [ 24%]
tests/test_tactical_effects.py::TacticalEffectTests::test_named_applications_keep_names_and_parent_requirements PASSED [ 24%]
tests/test_tactical_replaces_legacy.py::TacticalReplacesLegacyTests::test_supported_world_state_always_marks_tactical 
tests/test_tactical_replaces_legacy.py::TacticalReplacesLegacyTests::test_supported_world_state_always_marks_tactical PASSED [ 24%]
tests/test_tactical_replaces_legacy.py::TacticalReplacesLegacyTests::test_supported_worlds_reject_legacy_combat_actions 
tests/test_tactical_replaces_legacy.py::TacticalReplacesLegacyTests::test_supported_worlds_reject_legacy_combat_actions PASSED [ 24%]
tests/test_tactical_replaces_legacy.py::TacticalReplacesLegacyTests::test_unsupported_world_keeps_legacy_combat PASSED [ 24%]
tests/test_v240.py::WorldwalkerV240Tests::test_advance_resolves_updates_separately_and_defers_for_time PASSED [ 24%]
tests/test_v240.py::WorldwalkerV240Tests::test_canon_character_start_has_full_player_identity PASSED [ 24%]
tests/test_v240.py::WorldwalkerV240Tests::test_current_landmark_beats_old_battle_language PASSED [ 24%]
tests/test_v240.py::WorldwalkerV240Tests::test_every_world_has_map_and_playable_character_registry PASSED [ 25%]
tests/test_v240.py::WorldwalkerV240Tests::test_new_campaign_api_returns_complete_state PASSED [ 25%]
tests/test_v240.py::WorldwalkerV240Tests::test_queue_api_is_silent_until_advance PASSED [ 25%]
tests/test_v240.py::WorldwalkerV240Tests::test_queue_does_not_move_time_or_create_story PASSED [ 25%]
tests/test_v240.py::WorldwalkerV240Tests::test_start_timestamp_canon_event_fires_on_first_advance PASSED [ 25%]
tests/test_v240.py::WorldwalkerV240Tests::test_state_guard_rejects_ai_clock_and_unknown_field PASSED [ 25%]
tests/test_v250.py::WorldwalkerV250Tests::test_advisor_fourth_wall_receives_mechanics_mode_and_canon_countdown PASSED [ 25%]
tests/test_v250.py::WorldwalkerV250Tests::test_d100_requires_total_strictly_above_difficulty PASSED [ 25%]
tests/test_v250.py::WorldwalkerV250Tests::test_every_meaningful_system_world_action_gets_xp PASSED [ 25%]
tests/test_v250.py::WorldwalkerV250Tests::test_legacy_stats_and_pool_ratios_migrate PASSED [ 25%]
tests/test_v250.py::WorldwalkerV250Tests::test_major_event_requires_manual_roll PASSED [ 25%]
tests/test_v250.py::WorldwalkerV250Tests::test_month_training_accumulates_daily_sessions PASSED [ 25%]
tests/test_v250.py::WorldwalkerV250Tests::test_start_profile_is_open_ended_and_pools_derive_from_stats PASSED [ 26%]
tests/test_v250.py::WorldwalkerV250Tests::test_system_level_up_spends_xp_and_increases_base_stats PASSED [ 26%]
tests/test_v250.py::WorldwalkerV250Tests::test_system_training_builds_proficiency_then_levels_instead_of_direct_stat_patch PASSED [ 26%]
tests/test_v250.py::WorldwalkerV250Tests::test_training_scales_continuously_and_carries_fractional_progress PASSED [ 26%]
tests/test_v250.py::WorldwalkerV250Tests::test_world_shaking_background_warns_but_is_allowed PASSED [ 26%]
tests/test_v250.py::WorldwalkerV250Tests::test_xp_only_exists_in_canonical_system_worlds PASSED [ 26%]
tests/test_v251.py::WorldwalkerV251Tests::test_autosave_overwrites_one_file_per_campaign PASSED [ 26%]
tests/test_v251.py::WorldwalkerV251Tests::test_chronicle_scroll_and_major_event_notice_is_informational PASSED [ 26%]
tests/test_v251.py::WorldwalkerV251Tests::test_empty_advance_continues_previous_standing_orders PASSED [ 26%]
tests/test_v251.py::WorldwalkerV251Tests::test_explicit_quest_start_always_creates_a_briefing PASSED [ 26%]
tests/test_v251.py::WorldwalkerV251Tests::test_fresh_campaign_has_three_useful_leads_without_ai PASSED [ 26%]
tests/test_v251.py::WorldwalkerV251Tests::test_generated_background_profile_persists_into_new_campaign PASSED [ 26%]
tests/test_v251.py::WorldwalkerV251Tests::test_gm_contract_requires_contextual_journey_leads PASSED [ 26%]
tests/test_v251.py::WorldwalkerV251Tests::test_goal_completion_stops_skip_at_actual_elapsed_time PASSED [ 27%]
tests/test_v251.py::WorldwalkerV251Tests::test_growth_profile_multiplier_affects_sustained_training PASSED [ 27%]
tests/test_v251.py::WorldwalkerV251Tests::test_guided_suggestions_prioritize_quest_and_prerequisite PASSED [ 27%]
tests/test_v251.py::WorldwalkerV251Tests::test_moment_assesses_only_next_beat_and_defers_later_actions PASSED [ 27%]
tests/test_v251.py::WorldwalkerV251Tests::test_moment_ui_has_no_quantity_and_routine_advance_has_no_preview_modal PASSED [ 27%]
tests/test_v251.py::WorldwalkerV251Tests::test_music_api_creates_world_folders_and_lists_world_plus_shared PASSED [ 27%]
tests/test_v251.py::WorldwalkerV251Tests::test_roll_summary_is_one_readable_action_line PASSED [ 27%]
tests/test_v251.py::WorldwalkerV251Tests::test_vague_background_generates_named_world_ability_and_full_context PASSED [ 27%]
tests/test_v260.py::WorldwalkerV260Tests::test_active_canon_event_does_not_force_a_difficulty_gate PASSED [ 27%]
tests/test_v260.py::WorldwalkerV260Tests::test_administrative_notices_are_tagged_meta_not_system PASSED [ 27%]
tests/test_v260.py::WorldwalkerV260Tests::test_advisor_anchors_power_comparisons_to_a_stable_tier_reference PASSED [ 27%]
tests/test_v260.py::WorldwalkerV260Tests::test_advisor_chart_absent_when_ai_returns_nothing_or_garbage PASSED [ 27%]
tests/test_v260.py::WorldwalkerV260Tests::test_advisor_chart_is_sanitized_and_capped PASSED [ 27%]
tests/test_v260.py::WorldwalkerV260Tests::test_advisor_rules_include_a_worked_example_against_deflecting PASSED [ 28%]
tests/test_v260.py::WorldwalkerV260Tests::test_advisor_speaks_like_a_dm_and_resolves_untracked_questions_from_canon PASSED [ 28%]
tests/test_v260.py::WorldwalkerV260Tests::test_advisor_uses_concise_mode_for_short_questions_only PASSED [ 28%]
tests/test_v260.py::WorldwalkerV260Tests::test_advisor_wording_requesting_a_graph_flags_the_ai_call PASSED [ 28%]
tests/test_v260.py::WorldwalkerV260Tests::test_ally_reinforcement_can_swing_an_otherwise_losing_matchup PASSED [ 28%]
tests/test_v260.py::WorldwalkerV260Tests::test_apply_resolution_attaches_a_purchase_offer_to_the_story_entry PASSED [ 28%]
tests/test_v260.py::WorldwalkerV260Tests::test_apply_resolution_flushes_chain_chronicle_notes_into_the_story PASSED [ 28%]
tests/test_v260.py::WorldwalkerV260Tests::test_background_social_tasks_use_the_lighter_core_rules PASSED [ 28%]
tests/test_v260.py::WorldwalkerV260Tests::test_background_world_feed_mirrors_independent_world_movement PASSED [ 28%]
tests/test_v260.py::WorldwalkerV260Tests::test_blank_age_defers_to_the_opening_ai_inference PASSED [ 28%]
tests/test_v260.py::WorldwalkerV260Tests::test_bleach_canon_timeline_covers_rukias_arrival_and_aizens_betrayal PASSED [ 28%]
tests/test_v260.py::WorldwalkerV260Tests::test_bleach_gm_rules_include_aizen_secrecy_instruction PASSED [ 28%]
tests/test_v260.py::WorldwalkerV260Tests::test_bleach_hueco_mundo_has_no_seeded_controller PASSED [ 28%]
tests/test_v260.py::WorldwalkerV260Tests::test_bleach_map_and_territory_names_are_cross_consistent PASSED [ 29%]
tests/test_v260.py::WorldwalkerV260Tests::test_bleach_world_data_is_fully_populated_not_falling_back_to_custom_world PASSED [ 29%]
tests/test_v260.py::WorldwalkerV260Tests::test_buy_purchase_offer_endpoint_is_deterministic_and_never_calls_the_ai PASSED [ 29%]
tests/test_v260.py::WorldwalkerV260Tests::test_buy_shop_item_endpoint_is_deterministic_and_never_calls_the_ai PASSED [ 29%]
tests/test_v260.py::WorldwalkerV260Tests::test_calendar_and_starting_era_smoke_markers PASSED [ 29%]
tests/test_v260.py::WorldwalkerV260Tests::test_calendars_use_real_month_names_everywhere PASSED [ 29%]
tests/test_v260.py::WorldwalkerV260Tests::test_canon_boundary_defaults_to_absence_when_model_omits_interrupted PASSED [ 29%]
tests/test_v260.py::WorldwalkerV260Tests::test_canon_boundary_forces_interruption_when_location_obviously_matches PASSED [ 29%]
tests/test_v260.py::WorldwalkerV260Tests::test_canon_boundary_instruction_gives_concrete_scale_examples PASSED [ 29%]
tests/test_v260.py::WorldwalkerV260Tests::test_canon_boundary_only_interrupts_when_narrator_says_player_is_present 
tests/test_v260.py::WorldwalkerV260Tests::test_canon_boundary_only_interrupts_when_narrator_says_player_is_present PASSED [ 29%]
tests/test_v260.py::WorldwalkerV260Tests::test_canon_event_catches_up_if_a_prior_turn_missed_it PASSED [ 29%]
tests/test_v260.py::WorldwalkerV260Tests::test_canon_event_never_forces_checks_without_a_difficult_action PASSED [ 29%]
tests/test_v260.py::WorldwalkerV260Tests::test_canon_event_note_interleaves_by_day_not_appended_first PASSED [ 30%]
tests/test_v260.py::WorldwalkerV260Tests::test_canon_protected_faction_survives_a_conflict_instead_of_being_destroyed PASSED [ 30%]
tests/test_v260.py::WorldwalkerV260Tests::test_canon_protected_npc_survives_a_conflict_instead_of_dying PASSED [ 30%]
tests/test_v260.py::WorldwalkerV260Tests::test_canon_start_with_no_seed_data_leaves_npc_memories_empty PASSED [ 30%]
tests/test_v260.py::WorldwalkerV260Tests::test_chapter_memory_backstop_fires_without_much_date_movement PASSED [ 30%]
tests/test_v260.py::WorldwalkerV260Tests::test_chapter_memory_consolidates_every_game_quarter PASSED [ 30%]
tests/test_v260.py::WorldwalkerV260Tests::test_chronicle_collapses_meta_entries_into_a_system_strip PASSED [ 30%]
tests/test_v260.py::WorldwalkerV260Tests::test_clock_turning_point_names_fall_back_to_dict_key PASSED [ 30%]
tests/test_v260.py::WorldwalkerV260Tests::test_clocks_tab_shows_faction_goal_layers_when_present PASSED [ 30%]
tests/test_v260.py::WorldwalkerV260Tests::test_combat_example_toggle_also_stays_cache_friendly PASSED [ 30%]
tests/test_v260.py::WorldwalkerV260Tests::test_combat_relevant_detects_active_combat_or_action_signal_words PASSED [ 30%]
tests/test_v260.py::WorldwalkerV260Tests::test_combat_schema_has_a_full_worked_example PASSED [ 30%]
tests/test_v260.py::WorldwalkerV260Tests::test_continuity_does_not_flag_a_declined_or_unrelated_purchase PASSED [ 30%]
tests/test_v260.py::WorldwalkerV260Tests::test_continuity_does_not_flag_a_dodged_or_npc_wound PASSED [ 31%]
tests/test_v260.py::WorldwalkerV260Tests::test_continuity_does_not_flag_completion_language_for_an_unrelated_or_already_complete_quest PASSED [ 31%]
tests/test_v260.py::WorldwalkerV260Tests::test_continuity_does_not_flag_earning_trust_or_a_title_as_a_currency_mismatch PASSED [ 31%]
tests/test_v260.py::WorldwalkerV260Tests::test_continuity_flags_a_described_wound_that_never_touched_hp PASSED [ 31%]
tests/test_v260.py::WorldwalkerV260Tests::test_continuity_flags_a_payment_that_never_touched_currency PASSED [ 31%]
tests/test_v260.py::WorldwalkerV260Tests::test_continuity_flags_a_purchase_that_never_touched_currency PASSED [ 31%]
tests/test_v260.py::WorldwalkerV260Tests::test_continuity_flags_a_quest_declared_finished_that_never_flipped_status PASSED [ 31%]
tests/test_v260.py::WorldwalkerV260Tests::test_continuity_records_a_faction_chain_event_and_pings_the_chronicle_on_reputation_change PASSED [ 31%]
tests/test_v260.py::WorldwalkerV260Tests::test_continuity_records_an_npc_chain_event_and_pings_the_chronicle_on_attitude_change PASSED [ 31%]
tests/test_v260.py::WorldwalkerV260Tests::test_continuity_records_chain_event_without_chronicle_ping_when_attitude_unchanged PASSED [ 31%]
tests/test_v260.py::WorldwalkerV260Tests::test_continuity_still_flags_a_real_currency_earn_with_a_number_or_named_reward PASSED [ 31%]
tests/test_v260.py::WorldwalkerV260Tests::test_core_rules_is_much_lighter_than_gm_rules_but_keeps_scale_lock PASSED [ 31%]
tests/test_v260.py::WorldwalkerV260Tests::test_currency_examples_use_the_worlds_actual_currency_name PASSED [ 31%]
tests/test_v260.py::WorldwalkerV260Tests::test_currency_hp_quest_rules_include_restraint_edge_case_examples PASSED [ 32%]
tests/test_v260.py::WorldwalkerV260Tests::test_currency_hp_quest_rules_include_worked_bad_good_examples PASSED [ 32%]
tests/test_v260.py::WorldwalkerV260Tests::test_custom_locations_appear_on_the_map_without_duplicating_canon_ones PASSED [ 32%]
tests/test_v260.py::WorldwalkerV260Tests::test_desktop_shell_never_registers_a_service_worker PASSED [ 32%]
tests/test_v260.py::WorldwalkerV260Tests::test_dict_shaped_title_from_a_weaker_model_does_not_crash PASSED [ 32%]
tests/test_v260.py::WorldwalkerV260Tests::test_difficult_check_preview_warns_before_resolution PASSED [ 32%]
tests/test_v260.py::WorldwalkerV260Tests::test_director_notes_are_read_by_the_gm_and_cannot_be_authored_by_it PASSED [ 32%]
tests/test_v260.py::WorldwalkerV260Tests::test_espionage_rule_covers_standing_assignments_and_multiple_updates PASSED [ 32%]
tests/test_v260.py::WorldwalkerV260Tests::test_event_conclusion_summary_is_capped_to_one_paragraph PASSED [ 32%]
tests/test_v260.py::WorldwalkerV260Tests::test_event_driven_major_assessment_prioritizes_a_named_wait_condition PASSED [ 32%]
tests/test_v260.py::WorldwalkerV260Tests::test_event_notice_close_never_posts_or_synthesizes_story PASSED [ 32%]
tests/test_v260.py::WorldwalkerV260Tests::test_event_notice_frontend_is_close_only PASSED [ 32%]
tests/test_v260.py::WorldwalkerV260Tests::test_event_notice_keeps_chronicle_as_the_only_story_surface PASSED [ 33%]
tests/test_v260.py::WorldwalkerV260Tests::test_event_notice_returns_control_to_normal_action_chat PASSED [ 33%]
tests/test_v260.py::WorldwalkerV260Tests::test_event_window_rules_honors_a_stated_continue_to_resolution_intent PASSED [ 33%]
tests/test_v260.py::WorldwalkerV260Tests::test_event_window_rules_reinforces_committing_to_actions PASSED [ 33%]
tests/test_v260.py::WorldwalkerV260Tests::test_event_window_turn_does_not_advance_time_and_can_conclude_on_flee PASSED [ 33%]
tests/test_v260.py::WorldwalkerV260Tests::test_explicit_age_is_respected_verbatim_including_odd_combinations PASSED [ 33%]
tests/test_v260.py::WorldwalkerV260Tests::test_faction_chain_is_application_owned_and_rejects_direct_ai_authorship PASSED [ 33%]
tests/test_v260.py::WorldwalkerV260Tests::test_faction_conflict_resolves_a_turning_point_and_can_destroy_the_loser PASSED [ 33%]
tests/test_v260.py::WorldwalkerV260Tests::test_faction_destruction_vacates_other_territory_and_costs_its_leader PASSED [ 33%]
tests/test_v260.py::WorldwalkerV260Tests::test_faction_turning_point_prefers_immediate_goal_over_the_placeholder PASSED [ 33%]
tests/test_v260.py::WorldwalkerV260Tests::test_generate_reentry_recap_is_narrative_tagged_and_time_locked PASSED [ 33%]
tests/test_v260.py::WorldwalkerV260Tests::test_gm_rules_and_advisor_document_consequence_chains PASSED [ 33%]
tests/test_v260.py::WorldwalkerV260Tests::test_gm_rules_document_faction_goal_layering PASSED [ 33%]
tests/test_v260.py::WorldwalkerV260Tests::test_gm_rules_document_honoring_an_explicit_wait_until_condition PASSED [ 34%]
tests/test_v260.py::WorldwalkerV260Tests::test_gm_rules_document_hp_and_quest_completion_mirrors PASSED [ 34%]
tests/test_v260.py::WorldwalkerV260Tests::test_gm_rules_document_narrative_purchase_offers PASSED [ 34%]
tests/test_v260.py::WorldwalkerV260Tests::test_gm_rules_document_the_optional_goal_layers PASSED [ 34%]
tests/test_v260.py::WorldwalkerV260Tests::test_gm_rules_end_with_a_final_reminders_recap_near_the_schema_instruction PASSED [ 34%]
tests/test_v260.py::WorldwalkerV260Tests::test_gm_rules_faction_conflict_reflects_canon_vs_beyond_canon PASSED [ 34%]
tests/test_v260.py::WorldwalkerV260Tests::test_gm_rules_has_not_silently_ballooned PASSED [ 34%]
tests/test_v260.py::WorldwalkerV260Tests::test_gm_rules_include_world_specific_economy_reference PASSED [ 34%]
tests/test_v260.py::WorldwalkerV260Tests::test_gm_rules_instruct_grounding_scenes_in_seeded_companions_and_maintaining_faction_rosters PASSED [ 34%]
tests/test_v260.py::WorldwalkerV260Tests::test_gm_rules_nudge_referencing_background_world_feed PASSED [ 34%]
tests/test_v260.py::WorldwalkerV260Tests::test_gm_rules_requires_committing_to_stated_actions PASSED [ 34%]
tests/test_v260.py::WorldwalkerV260Tests::test_gm_rules_separate_past_canon_events_from_upcoming PASSED [ 34%]
tests/test_v260.py::WorldwalkerV260Tests::test_gm_rules_stays_cache_friendly_across_a_canon_day_change PASSED [ 34%]
tests/test_v260.py::WorldwalkerV260Tests::test_ichigo_canon_start_produces_the_correct_series_opening_state PASSED [ 35%]
tests/test_v260.py::WorldwalkerV260Tests::test_index_html_is_served_with_cache_busting_asset_versions PASSED [ 35%]
tests/test_v260.py::WorldwalkerV260Tests::test_legacy_save_missing_calendar_anchor_day_still_fires_upcoming_events PASSED [ 35%]
tests/test_v260.py::WorldwalkerV260Tests::test_load_does_not_flag_a_short_gap PASSED [ 35%]
tests/test_v260.py::WorldwalkerV260Tests::test_load_flags_a_long_real_world_gap_for_reentry_recap PASSED [ 35%]
tests/test_v260.py::WorldwalkerV260Tests::test_manual_roll_gate_does_not_duplicate_the_action_echo PASSED [ 35%]
tests/test_v260.py::WorldwalkerV260Tests::test_map_shows_a_recently_changed_territory_highlight PASSED [ 35%]
tests/test_v260.py::WorldwalkerV260Tests::test_minigame_roll_can_replace_a_regular_check PASSED [ 35%]
tests/test_v260.py::WorldwalkerV260Tests::test_moment_keeps_later_queued_actions_for_next_advance PASSED [ 35%]
tests/test_v260.py::WorldwalkerV260Tests::test_more_rules_have_worked_bad_good_examples_added PASSED [ 35%]
tests/test_v260.py::WorldwalkerV260Tests::test_mutual_opponents_resolve_only_once_per_tick PASSED [ 35%]
tests/test_v260.py::WorldwalkerV260Tests::test_naruto_ambient_uses_falling_sakura_instead_of_chakra_motes PASSED [ 35%]
tests/test_v260.py::WorldwalkerV260Tests::test_naruto_amegakure_and_iron_country_are_tracked_polities PASSED [ 36%]
tests/test_v260.py::WorldwalkerV260Tests::test_naruto_offers_new_origins_archetype_and_start_location PASSED [ 36%]
tests/test_v260.py::WorldwalkerV260Tests::test_naruto_title_reflects_rank_and_affiliation_not_archetype PASSED [ 36%]
tests/test_v260.py::WorldwalkerV260Tests::test_native_map_ambient_tracks_critical_nodes_without_iframes PASSED [ 36%]
tests/test_v260.py::WorldwalkerV260Tests::test_native_portrait_ambient_replaces_godot_runtime PASSED [ 36%]
tests/test_v260.py::WorldwalkerV260Tests::test_native_scene_ambient_uses_weather_activity_and_time PASSED [ 36%]
tests/test_v260.py::WorldwalkerV260Tests::test_native_scene_transitions_are_world_themed_and_scene_confined PASSED [ 36%]
tests/test_v260.py::WorldwalkerV260Tests::test_nemesis_clock_runs_longer_than_a_normal_npc_clock_and_bumps_tension PASSED [ 36%]
tests/test_v260.py::WorldwalkerV260Tests::test_new_campaign_age_field_exists_in_ui_and_is_sent_to_the_backend PASSED [ 36%]
tests/test_v260.py::WorldwalkerV260Tests::test_new_ui_surfaces_and_chronicle_nonshrinking_css_exist PASSED [ 36%]
tests/test_v260.py::WorldwalkerV260Tests::test_next_event_mode_floor_reaches_a_nearby_canon_event PASSED [ 36%]
tests/test_v260.py::WorldwalkerV260Tests::test_next_event_mode_has_no_quantity_and_natural_stop PASSED [ 36%]
tests/test_v260.py::WorldwalkerV260Tests::test_next_major_event_mode_still_gives_a_live_scene_for_a_present_canon_event PASSED [ 36%]
tests/test_v260.py::WorldwalkerV260Tests::test_non_lethal_combat_floors_hp_at_one_for_both_sides PASSED [ 37%]
tests/test_v260.py::WorldwalkerV260Tests::test_npc_goal_layers_feed_clocks_and_relationship_view PASSED [ 37%]
tests/test_v260.py::WorldwalkerV260Tests::test_npc_relationships_default_and_are_documented_in_gm_rules PASSED [ 37%]
tests/test_v260.py::WorldwalkerV260Tests::test_off_screen_conflict_can_get_an_npc_killed PASSED [ 37%]
tests/test_v260.py::WorldwalkerV260Tests::test_old_save_without_calendar_anchor_falls_back_to_world_default PASSED [ 37%]
tests/test_v260.py::WorldwalkerV260Tests::test_one_piece_map_covers_major_canon_locations_referenced_in_the_timeline PASSED [ 37%]
tests/test_v260.py::WorldwalkerV260Tests::test_one_piece_offers_a_year_before_departure_starting_era PASSED [ 37%]
tests/test_v260.py::WorldwalkerV260Tests::test_one_piece_timeline_fires_in_order_and_skips_pre_departure_history PASSED [ 37%]
tests/test_v260.py::WorldwalkerV260Tests::test_original_shinigami_one_year_before_start_lands_a_year_early PASSED [ 37%]
tests/test_v260.py::WorldwalkerV260Tests::test_pacing_guidance_flags_dry_spell_and_event_pileup PASSED [ 37%]
tests/test_v260.py::WorldwalkerV260Tests::test_parse_price_handles_numbers_and_loosely_typed_text PASSED [ 37%]
tests/test_v260.py::WorldwalkerV260Tests::test_personal_scope_event_is_not_forced_by_shared_village_location PASSED [ 37%]
tests/test_v260.py::WorldwalkerV260Tests::test_phone_host_and_responsive_shell_are_present PASSED [ 37%]
tests/test_v260.py::WorldwalkerV260Tests::test_player_involved_lets_a_proposed_conflict_resolve_for_real PASSED [ 38%]
tests/test_v260.py::WorldwalkerV260Tests::test_power_goal_chance_hits_the_two_stated_checkpoints PASSED [ 38%]
tests/test_v260.py::WorldwalkerV260Tests::test_power_goal_mechanically_forces_success_once_days_cross_the_threshold PASSED [ 38%]
tests/test_v260.py::WorldwalkerV260Tests::test_power_goal_progress_accumulates_on_the_same_goal_and_resets_on_a_new_one PASSED [ 38%]
tests/test_v260.py::WorldwalkerV260Tests::test_power_summary_button_and_modal_are_wired_into_the_skills_tab PASSED [ 38%]
tests/test_v260.py::WorldwalkerV260Tests::test_pre_campaign_canon_events_never_auto_fire_as_live_events PASSED [ 38%]
tests/test_v260.py::WorldwalkerV260Tests::test_propose_faction_conflicts_creates_an_eligible_matchup PASSED [ 38%]
tests/test_v260.py::WorldwalkerV260Tests::test_purchase_offers_is_application_owned_and_rejects_direct_ai_authorship PASSED [ 38%]
tests/test_v260.py::WorldwalkerV260Tests::test_quest_briefing_and_canon_notes_keep_their_system_tag PASSED [ 38%]
tests/test_v260.py::WorldwalkerV260Tests::test_quests_clocks_map_tuning_and_health_are_structured PASSED [ 38%]
tests/test_v260.py::WorldwalkerV260Tests::test_rank_tier_origins_actually_grant_a_power_boost PASSED [ 38%]
tests/test_v260.py::WorldwalkerV260Tests::test_rank_tier_origins_added_across_worlds_exclude_singular_leader_titles PASSED [ 38%]
tests/test_v260.py::WorldwalkerV260Tests::test_rate_last_turn_good_dedupes_by_turn_and_caps_at_five PASSED [ 39%]
tests/test_v260.py::WorldwalkerV260Tests::test_rate_last_turn_good_raises_with_no_turns_yet PASSED [ 39%]
tests/test_v260.py::WorldwalkerV260Tests::test_rate_last_turn_good_snapshots_the_most_recent_campaign_canon_entry PASSED [ 39%]
tests/test_v260.py::WorldwalkerV260Tests::test_rate_turn_button_is_wired_in_the_frontend PASSED [ 39%]
tests/test_v260.py::WorldwalkerV260Tests::test_rated_good_example_snippet_is_empty_until_something_is_rated PASSED [ 39%]
tests/test_v260.py::WorldwalkerV260Tests::test_rated_good_turns_is_application_owned_and_rejects_direct_ai_authorship PASSED [ 39%]
tests/test_v260.py::WorldwalkerV260Tests::test_record_purchase_offer_ignores_a_missing_item_or_unparseable_price PASSED [ 39%]
tests/test_v260.py::WorldwalkerV260Tests::test_record_purchase_offer_turns_a_transient_offer_into_a_permanent_entry PASSED [ 39%]
tests/test_v260.py::WorldwalkerV260Tests::test_reentry_recap_is_wired_into_the_frontend_load_flow PASSED [ 39%]
tests/test_v260.py::WorldwalkerV260Tests::test_regular_turn_now_triggers_continuity_correction_like_time_skip_does PASSED [ 39%]
tests/test_v260.py::WorldwalkerV260Tests::test_relationship_card_and_faction_row_show_consequence_chain_history PASSED [ 39%]
tests/test_v260.py::WorldwalkerV260Tests::test_relationship_card_shows_goal_layers_when_present PASSED [ 39%]
tests/test_v260.py::WorldwalkerV260Tests::test_relationship_snapshot_surfaces_npc_and_faction_chains PASSED [ 39%]
tests/test_v260.py::WorldwalkerV260Tests::test_relationship_snapshot_surfaces_the_npc_network PASSED [ 40%]
tests/test_v260.py::WorldwalkerV260Tests::test_request_with_narrative_does_not_retry_a_clean_response PASSED [ 40%]
tests/test_v260.py::WorldwalkerV260Tests::test_request_with_narrative_retries_once_on_a_high_confidence_continuity_violation PASSED [ 40%]
tests/test_v260.py::WorldwalkerV260Tests::test_resolve_passes_the_players_action_as_the_combat_hint PASSED [ 40%]
tests/test_v260.py::WorldwalkerV260Tests::test_resolve_purchase_offer_deducts_currency_and_marks_resolved PASSED [ 40%]
tests/test_v260.py::WorldwalkerV260Tests::test_resolve_purchase_offer_rejects_insufficient_funds_or_an_unknown_id PASSED [ 40%]
tests/test_v260.py::WorldwalkerV260Tests::test_resolve_shop_purchase_deducts_currency_and_adds_inventory_deterministically PASSED [ 40%]
tests/test_v260.py::WorldwalkerV260Tests::test_resolve_shop_purchase_rejects_unknown_shop_item_or_unclear_price PASSED [ 40%]
tests/test_v260.py::WorldwalkerV260Tests::test_resolve_shop_purchase_rejects_when_the_player_cannot_afford_it PASSED [ 40%]
tests/test_v260.py::WorldwalkerV260Tests::test_respond_to_event_does_not_force_conclusion_mid_combat PASSED [ 40%]
tests/test_v260.py::WorldwalkerV260Tests::test_respond_to_event_overrides_a_noncompliant_model_that_still_wont_conclude PASSED [ 40%]
tests/test_v260.py::WorldwalkerV260Tests::test_respond_to_event_requires_an_active_event PASSED [ 40%]
tests/test_v260.py::WorldwalkerV260Tests::test_run_time_skip_gates_on_power_jump_warning_until_confirmed PASSED [ 40%]
tests/test_v260.py::WorldwalkerV260Tests::test_same_place_recognizes_common_hidden_village_aliases PASSED [ 41%]
tests/test_v260.py::WorldwalkerV260Tests::test_scale_lock_applies_to_every_world_not_just_the_tower PASSED [ 41%]
tests/test_v260.py::WorldwalkerV260Tests::test_service_worker_clones_the_response_before_any_async_gap PASSED [ 41%]
tests/test_v260.py::WorldwalkerV260Tests::test_service_worker_has_no_obsolete_godot_exception PASSED [ 41%]
tests/test_v260.py::WorldwalkerV260Tests::test_shop_schema_documents_the_location_field PASSED [ 41%]
tests/test_v260.py::WorldwalkerV260Tests::test_side_chat_scales_token_budget_to_message_length PASSED [ 41%]
tests/test_v260.py::WorldwalkerV260Tests::test_sidebar_time_row_wraps_instead_of_clipping_the_advance_button PASSED [ 41%]
tests/test_v260.py::WorldwalkerV260Tests::test_sim_proposed_conflict_always_ends_in_a_stalemate PASSED [ 41%]
tests/test_v260.py::WorldwalkerV260Tests::test_spare_enemy_toggle_only_protects_the_enemy_not_the_player PASSED [ 41%]
tests/test_v260.py::WorldwalkerV260Tests::test_starting_currency_scales_with_world_and_background PASSED [ 41%]
tests/test_v260.py::WorldwalkerV260Tests::test_starting_era_and_canon_character_anchor_their_own_calendar PASSED [ 41%]
tests/test_v260.py::WorldwalkerV260Tests::test_story_feed_renders_a_buy_button_for_a_purchase_offer PASSED [ 41%]
tests/test_v260.py::WorldwalkerV260Tests::test_tension_level_reads_hp_combat_and_deadlines PASSED [ 42%]
tests/test_v260.py::WorldwalkerV260Tests::test_territory_control_changes_are_stamped_and_surfaced_on_the_map PASSED [ 42%]
tests/test_v260.py::WorldwalkerV260Tests::test_time_skip_beats_carry_chip_map_change_and_quote_detail PASSED [ 42%]
tests/test_v260.py::WorldwalkerV260Tests::test_time_skip_death_is_reported_like_any_other_death PASSED [ 42%]
tests/test_v260.py::WorldwalkerV260Tests::test_time_skip_records_last_major_beat_day_when_a_major_event_lands PASSED [ 42%]
tests/test_v260.py::WorldwalkerV260Tests::test_tower_band_covers_every_floor_without_crashing PASSED [ 42%]
tests/test_v260.py::WorldwalkerV260Tests::test_tower_floor_deadline_resets_on_advance_and_forces_death_at_zero PASSED [ 42%]
tests/test_v260.py::WorldwalkerV260Tests::test_tower_gm_rules_hard_locks_individual_scale_by_default PASSED [ 42%]
tests/test_v260.py::WorldwalkerV260Tests::test_trimmed_state_for_ai_gives_full_detail_only_to_relevant_npcs_when_roster_is_large PASSED [ 42%]
tests/test_v260.py::WorldwalkerV260Tests::test_trimmed_state_for_ai_gives_full_detail_only_to_shops_at_the_current_location PASSED [ 42%]
tests/test_v260.py::WorldwalkerV260Tests::test_trimmed_state_for_ai_gives_full_detail_only_to_the_current_location PASSED [ 42%]
tests/test_v260.py::WorldwalkerV260Tests::test_trimmed_state_for_ai_leaves_a_small_npc_roster_untouched PASSED [ 42%]
tests/test_v260.py::WorldwalkerV260Tests::test_trimmed_state_for_ai_leaves_a_small_shop_list_untouched PASSED [ 42%]
tests/test_v260.py::WorldwalkerV260Tests::test_update_context_fields_combine_into_one_plain_sentence PASSED [ 43%]
tests/test_v260.py::WorldwalkerV260Tests::test_wants_event_resolution_detects_common_phrasings 
tests/test_v260.py::WorldwalkerV260Tests::test_wants_event_resolution_detects_common_phrasings PASSED [ 43%]
tests/test_v260.py::WorldwalkerV260Tests::test_webview2_no_longer_forces_software_rendering PASSED [ 43%]
tests/test_v260.py::WorldwalkerV260Tests::test_wide_scope_event_still_forces_interruption_on_shared_location PASSED [ 43%]
tests/test_v260.py::WorldwalkerV260Tests::test_worked_combat_example_only_appears_when_combat_relevant PASSED [ 43%]
tests/test_v260.py::WorldwalkerV260Tests::test_world_clock_events_are_visible_in_chronicle_not_the_meta_strip PASSED [ 43%]
tests/test_v260.py::WorldwalkerV260Tests::test_yahiko_start_seeds_the_real_founding_akatsuki_not_an_invented_or_wrong_roster PASSED [ 43%]
tests/test_v260.py::WorldwalkerV260Tests::test_yonko_crews_are_real_polities_not_just_map_color PASSED [ 43%]
tests/test_v260.py::WorldwalkerV260Tests::test_yonko_crews_are_seeded_live_at_campaign_creation PASSED [ 43%]
tests/test_v300.py::WorldwalkerV300Tests::test_canon_character_profiles_do_not_receive_random_extras PASSED [ 43%]
tests/test_v300.py::WorldwalkerV300Tests::test_each_time_skip_check_keeps_its_own_action PASSED [ 43%]
tests/test_v300.py::WorldwalkerV300Tests::test_explicit_class_and_ability_can_coexist_and_persist PASSED [ 43%]
tests/test_v300.py::WorldwalkerV300Tests::test_explicit_hidden_class_is_complete_and_mechanical PASSED [ 43%]
tests/test_v300.py::WorldwalkerV300Tests::test_player_facing_creation_copy_does_not_call_content_generated PASSED [ 44%]
tests/test_v300.py::WorldwalkerV300Tests::test_rare_hidden_class_can_be_awarded_without_a_request PASSED [ 44%]
tests/test_v300.py::WorldwalkerV300Tests::test_rare_starting_ability_can_be_awarded_without_a_request PASSED [ 44%]
tests/test_v300.py::WorldwalkerV300Tests::test_version_3_and_schema_8_are_declared PASSED [ 44%]
tests/test_v310.py::WorldwalkerV310Tests::test_art_confidence_prefers_physical_location_over_old_battle_text PASSED [ 44%]
tests/test_v310.py::WorldwalkerV310Tests::test_canon_tracker_explains_impossible_events_and_replacements PASSED [ 44%]
tests/test_v310.py::WorldwalkerV310Tests::test_component_rerolls_preserve_unselected_character_parts PASSED [ 44%]
tests/test_v310.py::WorldwalkerV310Tests::test_every_world_runs_three_deterministic_story_turns_cleanly 
tests/test_v310.py::WorldwalkerV310Tests::test_every_world_runs_three_deterministic_story_turns_cleanly PASSED [ 44%]
tests/test_v310.py::WorldwalkerV310Tests::test_explicit_hidden_class_is_fully_identified PASSED [ 44%]
tests/test_v310.py::WorldwalkerV310Tests::test_frontend_contains_rerolls_memory_art_confidence_and_all_world_themes PASSED [ 44%]
tests/test_v310.py::WorldwalkerV310Tests::test_landmark_scene_reports_the_art_actually_selected PASSED [ 44%]
tests/test_v310.py::WorldwalkerV310Tests::test_memory_updates_are_consumed_deduplicated_and_separated PASSED [ 44%]
tests/test_v310.py::WorldwalkerV310Tests::test_overgeared_does_not_randomly_award_a_class_without_the_creation_option PASSED [ 44%]
tests/test_v310.py::WorldwalkerV310Tests::test_panels_expose_memory_divergence_quest_and_progression_surfaces PASSED [ 45%]
tests/test_v310.py::WorldwalkerV310Tests::test_progression_ledger_records_exact_diffs_and_cause PASSED [ 45%]
tests/test_v310.py::WorldwalkerV310Tests::test_quest_progression_has_clues_obstacles_optional_goals_and_hint PASSED [ 45%]
tests/test_v310.py::WorldwalkerV310Tests::test_state_validator_catches_dual_location_and_dead_companion PASSED [ 45%]
tests/test_v310.py::WorldwalkerV310Tests::test_state_validator_catches_unexplained_ability_rename PASSED [ 45%]
tests/test_v310.py::WorldwalkerV310Tests::test_v310_schema_declares_owned_memory_and_progression_ledgers PASSED [ 45%]
tests/test_v3100.py::WorldwalkerV3100Tests::test_all_ordinary_origins_get_mechanics_quest_and_world_profile PASSED [ 45%]
tests/test_v3100.py::WorldwalkerV3100Tests::test_canon_start_stats_are_complete_exact_and_deterministic PASSED [ 45%]
tests/test_v3100.py::WorldwalkerV3100Tests::test_creation_honors_explicit_refusal_of_random_specials PASSED [ 45%]
tests/test_v3100.py::WorldwalkerV3100Tests::test_every_selectable_start_is_an_existing_map_node PASSED [ 45%]
tests/test_v3100.py::WorldwalkerV3100Tests::test_existing_future_events_are_spoiler_safe_and_ordered PASSED [ 45%]
tests/test_v3100.py::WorldwalkerV3100Tests::test_frontend_has_world_system_cards_and_no_forced_level_in_party PASSED [ 45%]
tests/test_v3100.py::WorldwalkerV3100Tests::test_intentional_map_node_counts_and_unchanged_timeline_dates PASSED [ 46%]
tests/test_v3100.py::WorldwalkerV3100Tests::test_structured_progression_and_legacy_fields_stay_synchronized PASSED [ 46%]
tests/test_v3110.py::WorldwalkerV3110LitRPGTests::test_inventory_removes_ingredients_but_keeps_memorable_and_story_objects PASSED [ 46%]
tests/test_v3110.py::WorldwalkerV3110LitRPGTests::test_lit_systems_are_app_owned_and_migrated_locally PASSED [ 46%]
tests/test_v3110.py::WorldwalkerV3110LitRPGTests::test_narrative_crafting_rule_keeps_components_out_of_inventory PASSED [ 46%]
tests/test_v3110.py::WorldwalkerV3110LitRPGTests::test_overgeared_affinity_and_rankings_mirror_real_state PASSED [ 46%]
tests/test_v3110.py::WorldwalkerV3110LitRPGTests::test_overgeared_crafting_advances_the_correct_discipline_and_filters_ore PASSED [ 46%]
tests/test_v3110.py::WorldwalkerV3110LitRPGTests::test_overgeared_start_has_separate_class_production_social_and_world_tracks PASSED [ 46%]
tests/test_v3110.py::WorldwalkerV3110LitRPGTests::test_panels_and_frontend_surface_both_systems_and_structured_inventory PASSED [ 46%]
tests/test_v3110.py::WorldwalkerV3110LitRPGTests::test_release_schema_and_owned_system_records PASSED [ 46%]
tests/test_v3110.py::WorldwalkerV3110LitRPGTests::test_solo_artifacts_party_roles_rivals_and_achievement_chains_are_persistent PASSED [ 46%]
tests/test_v3110.py::WorldwalkerV3110LitRPGTests::test_solo_copy_attempt_records_condition_instead_of_granting_ability PASSED [ 46%]
tests/test_v3110.py::WorldwalkerV3110LitRPGTests::test_solo_floor_clear_preserves_cleared_floor_report_then_builds_next_floor PASSED [ 46%]
tests/test_v3110.py::WorldwalkerV3110LitRPGTests::test_solo_floor_uses_existing_tower_theme_and_has_complete_scenario PASSED [ 47%]
tests/test_v3110.py::WorldwalkerV3110LitRPGTests::test_solo_inspection_reveals_one_clue_without_auto_completing_it PASSED [ 47%]
tests/test_v3120.py::WorldwalkerV3120NarrativeAgendaTests::test_chronicle_briefings_match_the_world PASSED [ 47%]
tests/test_v3120.py::WorldwalkerV3120NarrativeAgendaTests::test_explicit_narrative_completion_is_preserved PASSED [ 47%]
tests/test_v3120.py::WorldwalkerV3120NarrativeAgendaTests::test_frontend_has_separate_literal_and_narrative_renderers PASSED [ 47%]
tests/test_v3120.py::WorldwalkerV3120NarrativeAgendaTests::test_literal_quest_objectives_still_complete_mechanically PASSED [ 47%]
tests/test_v3120.py::WorldwalkerV3120NarrativeAgendaTests::test_narrative_objectives_do_not_auto_complete_or_seed_locked_routes PASSED [ 47%]
tests/test_v3120.py::WorldwalkerV3120NarrativeAgendaTests::test_panels_expose_authoritative_presentation_profile PASSED [ 47%]
tests/test_v3120.py::WorldwalkerV3120NarrativeAgendaTests::test_release_and_world_presentation_profiles PASSED [ 47%]
tests/test_v3121.py::WorldwalkerV3121ProgressionAndQATests::test_completed_combat_cannot_override_current_landmark_art PASSED [ 47%]
tests/test_v3121.py::WorldwalkerV3121ProgressionAndQATests::test_distant_world_battle_does_not_change_vague_local_activity_art PASSED [ 47%]
tests/test_v3121.py::WorldwalkerV3121ProgressionAndQATests::test_frontend_exposes_world_clock_progress_and_grouped_one_piece_starts PASSED [ 47%]
tests/test_v3121.py::WorldwalkerV3121ProgressionAndQATests::test_hospital_uses_its_dedicated_still_art PASSED [ 47%]
tests/test_v3121.py::WorldwalkerV3121ProgressionAndQATests::test_missing_goal_status_gets_a_deterministic_incomplete_explanation PASSED [ 48%]
tests/test_v3121.py::WorldwalkerV3121ProgressionAndQATests::test_mobile_suggestions_wrap_instead_of_clipping PASSED [ 48%]
tests/test_v3121.py::WorldwalkerV3121ProgressionAndQATests::test_named_sensor_skill_trains_chakra_control_not_taijutsu PASSED [ 48%]
tests/test_v3121.py::WorldwalkerV3121ProgressionAndQATests::test_nonvisible_inventory_does_not_regenerate_portrait PASSED [ 48%]
tests/test_v3121.py::WorldwalkerV3121ProgressionAndQATests::test_ordinary_numbered_kido_practice_is_not_a_power_leap PASSED [ 48%]
tests/test_v3121.py::WorldwalkerV3121ProgressionAndQATests::test_overgeared_skip_tracks_training_xp_and_persistent_earned_title PASSED [ 48%]
tests/test_v3121.py::WorldwalkerV3121ProgressionAndQATests::test_solo_level_up_reports_xp_even_when_bar_returns_to_same_value PASSED [ 48%]
tests/test_v3121.py::WorldwalkerV3121ProgressionAndQATests::test_successful_opening_check_changes_combat_state_once PASSED [ 48%]
tests/test_v3121.py::WorldwalkerV3121ProgressionAndQATests::test_title_patch_cannot_erase_older_titles PASSED [ 48%]
tests/test_v3121.py::WorldwalkerV3121ProgressionAndQATests::test_undated_skip_updates_follow_earlier_canon_events PASSED [ 48%]
tests/test_v3121.py::WorldwalkerV3121ProgressionAndQATests::test_version PASSED [ 48%]
tests/test_v3121.py::WorldwalkerV3121ProgressionAndQATests::test_veteran_gamer_is_trained_not_exceptional PASSED [ 48%]
tests/test_v3121.py::WorldwalkerV3121ProgressionAndQATests::test_xp_notice_survives_a_capped_progression_ledger PASSED [ 49%]
tests/test_v3130.py::WorldwalkerV3130Tests::test_bleach_start_package_keeps_named_techniques_not_curriculum_labels PASSED [ 49%]
tests/test_v3130.py::WorldwalkerV3130Tests::test_descriptive_magicule_placeholder_cannot_crash_normalization PASSED [ 49%]
tests/test_v3130.py::WorldwalkerV3130Tests::test_every_world_has_multiple_start_choices PASSED [ 49%]
tests/test_v3130.py::WorldwalkerV3130Tests::test_generic_archetype_competence_is_stats_not_a_fake_skill PASSED [ 49%]
tests/test_v3130.py::WorldwalkerV3130Tests::test_immense_bleach_pressure_changes_stats_and_resource_pool PASSED [ 49%]
tests/test_v3130.py::WorldwalkerV3130Tests::test_naruto_original_dojutsu_has_dedicated_profile PASSED [ 49%]
tests/test_v3130.py::WorldwalkerV3130Tests::test_nested_state_shapes_are_repaired PASSED [ 49%]
tests/test_v3130.py::WorldwalkerV3130Tests::test_version_and_schema PASSED [ 49%]
tests/test_v3140.py::WorldwalkerV3140Tests::test_canon_landowners_have_public_map_regions PASSED [ 49%]
tests/test_v3140.py::WorldwalkerV3140Tests::test_frontend_merges_same_owner_regions_at_the_border_layer PASSED [ 49%]
tests/test_v3140.py::WorldwalkerV3140Tests::test_gm_rules_keep_governance_narrative_and_update_the_atlas PASSED [ 49%]
tests/test_v3140.py::WorldwalkerV3140Tests::test_hidden_governance_bookkeeping_is_not_in_public_state PASSED [ 49%]
tests/test_v3140.py::WorldwalkerV3140Tests::test_player_founded_land_becomes_a_first_class_faction_and_region PASSED [ 50%]
tests/test_v3140.py::WorldwalkerV3140Tests::test_ruler_gets_periodic_and_rapid_people_updates_as_one_line PASSED [ 50%]
tests/test_v3140.py::WorldwalkerV3140Tests::test_version_and_schema PASSED [ 50%]
tests/test_v3150.py::WorldwalkerV3150Tests::test_background_prompt_forbids_normalizing_extreme_starts_downward PASSED [ 50%]
tests/test_v3150.py::WorldwalkerV3150Tests::test_combat_ui_exposes_debuffs_and_cannot_act_conditions PASSED [ 50%]
tests/test_v3150.py::WorldwalkerV3150Tests::test_creation_wording_has_sharply_graduated_open_ended_power PASSED [ 50%]
tests/test_v3150.py::WorldwalkerV3150Tests::test_immense_named_specialty_is_reflected_more_than_other_stats PASSED [ 50%]
tests/test_v3150.py::WorldwalkerV3150Tests::test_version PASSED          [ 50%]
tests/test_v3160.py::WorldwalkerV3160Tests::test_active_combat_is_the_only_combat_art_override PASSED [ 50%]
tests/test_v3160.py::WorldwalkerV3160Tests::test_auto_lore_refresh_is_local_bounded_and_zero_ai PASSED [ 50%]
tests/test_v3160.py::WorldwalkerV3160Tests::test_bleach_dates_name_the_story_anchor_instead_of_fake_year_one PASSED [ 50%]
tests/test_v3160.py::WorldwalkerV3160Tests::test_bleach_year_before_start_keeps_ichigo_event_365_days_away PASSED [ 50%]
tests/test_v3160.py::WorldwalkerV3160Tests::test_every_bundled_world_passes_the_shared_depth_gate PASSED [ 50%]
tests/test_v3160.py::WorldwalkerV3160Tests::test_fandom_sources_use_lightweight_mediawiki_api PASSED [ 51%]
tests/test_v3160.py::WorldwalkerV3160Tests::test_indoor_scene_ignores_outdoor_weather PASSED [ 51%]
tests/test_v3160.py::WorldwalkerV3160Tests::test_portrait_effect_change_keeps_previous_picture_visible PASSED [ 51%]
tests/test_v3160.py::WorldwalkerV3160Tests::test_release_version PASSED  [ 51%]
tests/test_v3160.py::WorldwalkerV3160Tests::test_scene_signature_tracks_real_sublocation_changes PASSED [ 51%]
tests/test_v3160.py::WorldwalkerV3160Tests::test_special_ability_cards_are_expandable PASSED [ 51%]
tests/test_v3160.py::WorldwalkerV3160Tests::test_sublocation_beats_broad_landmark_and_old_combat_language PASSED [ 51%]
tests/test_v3161.py::WorldwalkerV3161Tests::test_audio_assets_are_served_by_the_real_app PASSED [ 51%]
tests/test_v3161.py::WorldwalkerV3161Tests::test_audio_elements_and_world_cue_router_are_present PASSED [ 51%]
tests/test_v3161.py::WorldwalkerV3161Tests::test_optimized_naruto_cues_are_packaged_and_small PASSED [ 51%]
tests/test_v3161.py::WorldwalkerV3161Tests::test_release_version PASSED  [ 51%]
tests/test_v3162.py::WorldwalkerV3162Tests::test_all_default_bleach_tracks_are_bundled PASSED [ 51%]
tests/test_v3162.py::WorldwalkerV3162Tests::test_all_default_naruto_tracks_are_bundled PASSED [ 52%]
tests/test_v3162.py::WorldwalkerV3162Tests::test_music_api_exposes_the_bundled_bleach_playlist PASSED [ 52%]
tests/test_v3162.py::WorldwalkerV3162Tests::test_music_api_exposes_the_bundled_naruto_playlist PASSED [ 52%]
tests/test_v3162.py::WorldwalkerV3162Tests::test_pyinstaller_does_not_embed_a_duplicate_music_directory PASSED [ 52%]
tests/test_v3162.py::WorldwalkerV3162Tests::test_release_version PASSED  [ 52%]
tests/test_v3190.py::WorldwalkerV3190SatisfyBreadthTests::test_a_nonproduction_character_can_later_choose_a_real_profession PASSED [ 52%]
tests/test_v3190.py::WorldwalkerV3190SatisfyBreadthTests::test_explicit_original_hidden_class_uses_the_requested_role_not_relicwright PASSED [ 52%]
tests/test_v3190.py::WorldwalkerV3190SatisfyBreadthTests::test_full_canon_catalog_is_available_only_as_class_design_reference PASSED [ 52%]
tests/test_v3190.py::WorldwalkerV3190SatisfyBreadthTests::test_full_catalog_is_added_to_midgame_class_authorship_but_not_normal_turns PASSED [ 52%]
tests/test_v3190.py::WorldwalkerV3190SatisfyBreadthTests::test_nonproduction_start_has_role_progression_without_fake_crafting_path PASSED [ 52%]
tests/test_v3190.py::WorldwalkerV3190SatisfyBreadthTests::test_satisfy_creation_offers_nonproduction_roles PASSED [ 52%]
tests/test_v3190.py::WorldwalkerV3190SatisfyBreadthTests::test_version PASSED [ 52%]
tests/test_v320.py::WorldwalkerV320Tests::test_ai_snapshot_contains_boundaries_and_concealed_facts PASSED [ 52%]
tests/test_v320.py::WorldwalkerV320Tests::test_api_and_frontend_expose_v320_surfaces PASSED [ 53%]
tests/test_v320.py::WorldwalkerV320Tests::test_builtin_lore_is_normalized_with_curated_authority PASSED [ 53%]
tests/test_v320.py::WorldwalkerV320Tests::test_campaign_health_offers_specific_safe_repairs PASSED [ 53%]
tests/test_v320.py::WorldwalkerV320Tests::test_causal_clock_blocks_for_travel_and_resources PASSED [ 53%]
tests/test_v320.py::WorldwalkerV320Tests::test_causal_clock_consumes_resources_after_arrival PASSED [ 53%]
tests/test_v320.py::WorldwalkerV320Tests::test_live_evaluation_uses_isolated_scenarios_without_mutation PASSED [ 53%]
tests/test_v320.py::WorldwalkerV320Tests::test_lore_conflicts_choose_the_more_authoritative_source PASSED [ 53%]
tests/test_v320.py::WorldwalkerV320Tests::test_safe_campaign_repairs_are_conservative_and_audited PASSED [ 53%]
tests/test_v320.py::WorldwalkerV320Tests::test_support_bundle_contains_required_sanitized_files PASSED [ 53%]
tests/test_v320.py::WorldwalkerV320Tests::test_support_sanitizer_removes_secrets_and_home_paths PASSED [ 53%]
tests/test_v320.py::WorldwalkerV320Tests::test_unsupported_secret_knowledge_becomes_suspicion PASSED [ 53%]
tests/test_v320.py::WorldwalkerV320Tests::test_version_schema_and_owned_reliability_ledgers PASSED [ 53%]
tests/test_v320.py::WorldwalkerV320Tests::test_witnessed_secret_knowledge_remains_confirmed PASSED [ 53%]
tests/test_v3200.py::WorldwalkerV3200ClassGameplayTests::test_ai_ready_requires_a_successful_connection_validation PASSED [ 54%]
tests/test_v3200.py::WorldwalkerV3200ClassGameplayTests::test_class_encyclopedia_exposes_breadth_without_an_ai_call PASSED [ 54%]
tests/test_v3200.py::WorldwalkerV3200ClassGameplayTests::test_every_creation_role_is_a_preference_until_a_class_is_received PASSED [ 54%]
tests/test_v3200.py::WorldwalkerV3200ClassGameplayTests::test_litrpg_levels_are_visible_and_notifications_use_in_world_systems PASSED [ 54%]
tests/test_v3200.py::WorldwalkerV3200ClassGameplayTests::test_overgeared_backstory_is_role_specific_and_not_generation_labeled PASSED [ 54%]
tests/test_v3200.py::WorldwalkerV3200ClassGameplayTests::test_receiving_a_class_in_the_narrative_synchronizes_the_system PASSED [ 54%]
tests/test_v3200.py::WorldwalkerV3200ClassGameplayTests::test_release_version PASSED [ 54%]
tests/test_v3200.py::WorldwalkerV3200ClassGameplayTests::test_suggestions_follow_the_preferred_route_without_an_unearned_bonus PASSED [ 54%]
tests/test_v3200.py::WorldwalkerV3200ClassGameplayTests::test_summoner_contract_is_not_granted_before_the_class PASSED [ 54%]
tests/test_v3200.py::WorldwalkerV3200ClassGameplayTests::test_support_social_scout_and_companion_contributions_receive_real_xp PASSED [ 54%]
tests/test_v3200.py::WorldwalkerV3200CombatStartGuardTests::test_explicit_attack_still_starts_combat PASSED [ 54%]
tests/test_v3200.py::WorldwalkerV3200CombatStartGuardTests::test_tense_or_figurative_scene_cannot_start_combat PASSED [ 54%]
tests/test_v3200.py::WorldwalkerV3200CombatStartGuardTests::test_unavoidable_enemy_attack_still_starts_combat PASSED [ 55%]
tests/test_v3210.py::WorldwalkerV3210WorldDepthTests::test_depth_rules_explicitly_preserve_player_freedom_and_no_extra_call PASSED [ 55%]
tests/test_v3210.py::WorldwalkerV3210WorldDepthTests::test_downtime_canon_ripples_and_elite_identity_are_recorded_locally PASSED [ 55%]
tests/test_v3210.py::WorldwalkerV3210WorldDepthTests::test_every_world_has_laws_flexible_paths_downtime_elites_and_leads PASSED [ 55%]
tests/test_v3210.py::WorldwalkerV3210WorldDepthTests::test_progress_panel_exposes_paths_and_signature_techniques PASSED [ 55%]
tests/test_v3210.py::WorldwalkerV3210WorldDepthTests::test_release_and_schema PASSED [ 55%]
tests/test_v3210.py::WorldwalkerV3210WorldDepthTests::test_signature_techniques_are_persistent_and_readable PASSED [ 55%]
tests/test_v3210.py::WorldwalkerV3210WorldDepthTests::test_world_specific_mechanical_profiles_are_seeded PASSED [ 55%]
tests/test_v3211.py::WorldwalkerV3211ZanpakutoPreviewTests::test_dormant_preview_does_not_grant_shikai_when_campaign_starts PASSED [ 55%]
tests/test_v3211.py::WorldwalkerV3211ZanpakutoPreviewTests::test_normal_soul_reaper_can_preview_and_reroll_dormant_release PASSED [ 55%]
tests/test_v3211.py::WorldwalkerV3211ZanpakutoPreviewTests::test_owned_shikai_reroll_replaces_release_skill_but_keeps_ownership PASSED [ 55%]
tests/test_v3211.py::WorldwalkerV3211ZanpakutoPreviewTests::test_preview_ui_exposes_bleach_only_reroll_and_unearned_notice PASSED [ 55%]
tests/test_v3220.py::WorldwalkerV3220JujutsuKaisenTests::test_all_canon_starts_have_a_structured_power_record_and_opening_goal PASSED [ 55%]
tests/test_v3220.py::WorldwalkerV3220JujutsuKaisenTests::test_birth_slot_is_exclusive_and_strong_toggle_is_material PASSED [ 56%]
tests/test_v3220.py::WorldwalkerV3220JujutsuKaisenTests::test_black_flash_and_visual_package_are_wired PASSED [ 56%]
tests/test_v3220.py::WorldwalkerV3220JujutsuKaisenTests::test_bleach_achieved_release_recovers_name_from_skill PASSED [ 56%]
tests/test_v3220.py::WorldwalkerV3220JujutsuKaisenTests::test_curse_identity_grade_and_exponential_feeding PASSED [ 56%]
tests/test_v3220.py::WorldwalkerV3220JujutsuKaisenTests::test_curse_preview_has_no_invented_human_childhood_or_uniform PASSED [ 56%]
tests/test_v3220.py::WorldwalkerV3220JujutsuKaisenTests::test_preview_and_campaign_preserve_generated_birth_slot PASSED [ 56%]
tests/test_v3220.py::WorldwalkerV3220JujutsuKaisenTests::test_release_world_and_complete_start_matrix PASSED [ 56%]
tests/test_v3230.py::WorldwalkerV3230RecurringFinancesTests::test_bleach_never_pays_out_and_rejects_the_patch PASSED [ 56%]
tests/test_v3230.py::WorldwalkerV3230RecurringFinancesTests::test_expense_uses_available_cash_and_records_the_shortfall_as_debt PASSED [ 56%]
tests/test_v3230.py::WorldwalkerV3230RecurringFinancesTests::test_fire_canon_events_integrates_recurring_finances PASSED [ 56%]
tests/test_v3230.py::WorldwalkerV3230RecurringFinancesTests::test_gm_rules_documents_recurring_finances_for_a_normal_world PASSED [ 56%]
tests/test_v3230.py::WorldwalkerV3230RecurringFinancesTests::test_gm_rules_excludes_recurring_finances_for_bleach PASSED [ 56%]
tests/test_v3230.py::WorldwalkerV3230RecurringFinancesTests::test_inactive_entry_is_skipped PASSED [ 56%]
tests/test_v3230.py::WorldwalkerV3230RecurringFinancesTests::test_long_time_skip_catches_up_multiple_cycles_in_one_pass PASSED [ 57%]
tests/test_v3230.py::WorldwalkerV3230RecurringFinancesTests::test_monthly_income_pays_out_once_a_month_elapses PASSED [ 57%]
tests/test_v3230.py::WorldwalkerV3230RecurringFinancesTests::test_release_metadata PASSED [ 57%]
tests/test_v3240.py::WorldwalkerV3240PlayerAgencyTests::test_commanded_characters_obey_without_gm_pushback PASSED [ 57%]
tests/test_v3240.py::WorldwalkerV3240PlayerAgencyTests::test_extreme_and_lethal_risk_is_explicitly_preserved PASSED [ 57%]
tests/test_v3240.py::WorldwalkerV3240PlayerAgencyTests::test_nightmare_keeps_its_own_stricter_contract PASSED [ 57%]
tests/test_v3240.py::WorldwalkerV3240PlayerAgencyTests::test_non_combat_impossibility_rolls_instead_of_flat_refusal PASSED [ 57%]
tests/test_v3240.py::WorldwalkerV3240PlayerAgencyTests::test_player_described_actions_are_carried_out_as_stated PASSED [ 57%]
tests/test_v3240.py::WorldwalkerV3240PlayerAgencyTests::test_release_metadata PASSED [ 57%]
tests/test_v3250.py::WorldwalkerV3250QuestCompletionTests::test_gm_rules_distinguish_specific_from_ambiguous_goals PASSED [ 57%]
tests/test_v3250.py::WorldwalkerV3250QuestCompletionTests::test_gm_rules_require_a_completable_path_for_player_stated_goals PASSED [ 57%]
tests/test_v3250.py::WorldwalkerV3250QuestCompletionTests::test_gm_rules_require_actually_completing_finished_quests PASSED [ 57%]
tests/test_v3250.py::WorldwalkerV3250QuestCompletionTests::test_narrative_world_quest_can_reach_completed_status PASSED [ 57%]
tests/test_v3250.py::WorldwalkerV3250QuestCompletionTests::test_release_metadata PASSED [ 58%]
tests/test_v3260.py::WorldwalkerV3260RecurringFinancePersistenceTests::test_daily_income_catches_up_a_full_year_without_truncation PASSED [ 58%]
tests/test_v3260.py::WorldwalkerV3260RecurringFinancePersistenceTests::test_explicit_deactivation_by_matching_label_still_works PASSED [ 58%]
tests/test_v3260.py::WorldwalkerV3260RecurringFinancePersistenceTests::test_harmless_label_punctuation_does_not_duplicate_income PASSED [ 58%]
tests/test_v3260.py::WorldwalkerV3260RecurringFinancePersistenceTests::test_partial_update_keeps_existing_schedule_fields PASSED [ 58%]
tests/test_v3260.py::WorldwalkerV3260RecurringFinancePersistenceTests::test_release_metadata PASSED [ 58%]
tests/test_v3260.py::WorldwalkerV3260RecurringFinancePersistenceTests::test_scheduled_events_get_the_same_omission_protection PASSED [ 58%]
tests/test_v3260.py::WorldwalkerV3260RecurringFinancePersistenceTests::test_unmentioned_income_survives_an_unrelated_recurring_finances_patch PASSED [ 58%]
tests/test_v3260.py::WorldwalkerV3260RecurringFinancePersistenceTests::test_updating_an_existing_entry_by_label_replaces_not_duplicates PASSED [ 58%]
tests/test_v3260.py::WorldwalkerV3260TradeAndFactionConflictTests::test_faction_trade_rule_present_in_time_skip_but_not_combat_summary PASSED [ 58%]
tests/test_v3260.py::WorldwalkerV3260TradeAndFactionConflictTests::test_gm_rules_document_the_real_faction_clock_conflict_mechanic PASSED [ 58%]
tests/test_v3260.py::WorldwalkerV3260TradeAndFactionConflictTests::test_gm_rules_require_real_consequences_for_trade_and_resource_scarcity PASSED [ 58%]
tests/test_v3260.py::WorldwalkerV3260PlaytestPresentationTests::test_queue_preview_does_not_call_routine_training_uncertain PASSED [ 59%]
tests/test_v3260.py::WorldwalkerV3260PlaytestPresentationTests::test_sticky_modal_header_has_an_opaque_surface PASSED [ 59%]
tests/test_v3270.py::WorldwalkerV3270JjkDepthTests::test_ai_rename_rebuilds_the_whole_technique_package PASSED [ 59%]
tests/test_v3270.py::WorldwalkerV3270JjkDepthTests::test_binding_vow_terms_persist PASSED [ 59%]
tests/test_v3270.py::WorldwalkerV3270JjkDepthTests::test_black_flash_requires_an_eligible_confirmed_impact PASSED [ 59%]
tests/test_v3270.py::WorldwalkerV3270JjkDepthTests::test_curse_feeding_counts_multiple_victims_and_public_infamy PASSED [ 59%]
tests/test_v3270.py::WorldwalkerV3270JjkDepthTests::test_dedicated_jjk_scene_art_is_optimized_and_selected PASSED [ 59%]
tests/test_v3270.py::WorldwalkerV3270JjkDepthTests::test_explicit_progression_unlocks_barriers_rct_maximum_and_domain PASSED [ 59%]
tests/test_v3270.py::WorldwalkerV3270JjkDepthTests::test_grade_record_uses_real_missions_and_separates_recommendation PASSED [ 59%]
tests/test_v3270.py::WorldwalkerV3270JjkDepthTests::test_great_clan_and_vessel_soul_are_concrete PASSED [ 59%]
tests/test_v3270.py::WorldwalkerV3270JjkDepthTests::test_heavenly_restriction_uses_physical_path_not_domain PASSED [ 59%]
tests/test_v3270.py::WorldwalkerV3270JjkDepthTests::test_jjk_creation_and_preview_use_clear_labels PASSED [ 59%]
tests/test_v3270.py::WorldwalkerV3270JjkDepthTests::test_jjk_starting_gear_is_not_mislabeled_as_a_weapon PASSED [ 59%]
tests/test_v3270.py::WorldwalkerV3270JjkDepthTests::test_journal_exposes_every_new_record PASSED [ 60%]
tests/test_v3270.py::WorldwalkerV3270JjkDepthTests::test_technique_use_records_witness_exposure PASSED [ 60%]
tests/test_v3271.py::GeneratedAbilityArchiveTests::test_every_original_special_is_archived_and_rerolls_do_not_repeat PASSED [ 60%]
tests/test_v3272.py::WorldwalkerV3272JinchurikiTests::test_canon_naruto_starts_have_correct_host_stage PASSED [ 60%]
tests/test_v3272.py::WorldwalkerV3272JinchurikiTests::test_chakra_affinity_is_visible_and_changes_learning_rules PASSED [ 60%]
tests/test_v3272.py::WorldwalkerV3272JinchurikiTests::test_frontend_renders_dedicated_expandable_host_card PASSED [ 60%]
tests/test_v3272.py::WorldwalkerV3272JinchurikiTests::test_legacy_host_string_migrates_without_changing_current_pools PASSED [ 60%]
tests/test_v3272.py::WorldwalkerV3272JinchurikiTests::test_original_host_gets_a_separate_complete_system PASSED [ 60%]
tests/test_v3272.py::WorldwalkerV3272JinchurikiTests::test_perfect_host_has_full_access_but_keeps_real_limits PASSED [ 60%]
tests/test_v3272.py::WorldwalkerV3272JinchurikiTests::test_speed_advantage_is_a_full_turn_even_after_defending_first PASSED [ 60%]
tests/test_v3272.py::WorldwalkerV3272JinchurikiTests::test_speed_advantage_pauses_for_a_player_chosen_bonus_turn PASSED [ 60%]
tests/test_v3272.py::WorldwalkerV3272JinchurikiTests::test_started_campaign_persists_host_and_codex_entry PASSED [ 60%]
tests/test_v3272.py::WorldwalkerV3272JinchurikiTests::test_tailed_beast_natures_do_not_replace_host_affinity PASSED [ 60%]
tests/test_v3280.py::WorldwalkerV3280Tests::test_ability_compiler_fills_playable_contract_without_erasing_identity PASSED [ 61%]
tests/test_v3280.py::WorldwalkerV3280Tests::test_authored_boundaries_remain_available_to_strategy_partition PASSED [ 61%]
tests/test_v3280.py::WorldwalkerV3280Tests::test_local_advisor_power_answer_uses_no_ai_call PASSED [ 61%]
tests/test_v3280.py::WorldwalkerV3280Tests::test_multiplayer_combat_resolves_both_characters_locally PASSED [ 61%]
tests/test_v3280.py::WorldwalkerV3280Tests::test_narrative_location_control_repaints_matching_region PASSED [ 61%]
tests/test_v3280.py::WorldwalkerV3280Tests::test_semantic_duplicate_guard_catches_renamed_paraphrase PASSED [ 61%]
tests/test_v3280.py::WorldwalkerV3280Tests::test_territories_use_non_overlapping_strategy_geometry_and_transfer PASSED [ 61%]
tests/test_v3280.py::WorldwalkerV3280Tests::test_version PASSED          [ 61%]
tests/test_v3280.py::WorldwalkerV3280Tests::test_world_power_benchmark_is_part_of_authoritative_profile PASSED [ 61%]
tests/test_v3290.py::WorldwalkerV3290Tests::test_advance_passes_intent_to_gm_and_keeps_it_after_the_turn PASSED [ 61%]
tests/test_v3290.py::WorldwalkerV3290Tests::test_canon_naruto_starts_have_authoritative_affinity_profiles PASSED [ 61%]
tests/test_v3290.py::WorldwalkerV3290Tests::test_durable_commands_become_hidden_persistent_intents PASSED [ 61%]
tests/test_v3290.py::WorldwalkerV3290Tests::test_frontend_distinguishes_natural_and_learned_natures PASSED [ 62%]
tests/test_v3290.py::WorldwalkerV3290Tests::test_learning_an_off_affinity_nature_adds_proficiency_not_affinity PASSED [ 62%]
tests/test_v3290.py::WorldwalkerV3290Tests::test_multiple_natural_affinities_require_a_lineage_mechanism PASSED [ 62%]
tests/test_v3290.py::WorldwalkerV3290Tests::test_single_affinity_does_not_create_a_generic_special_ability PASSED [ 62%]
tests/test_v3290.py::WorldwalkerV3290Tests::test_standing_intent_deduplicates_accumulates_and_can_end PASSED [ 62%]
tests/test_v3290.py::WorldwalkerV3290Tests::test_version PASSED          [ 62%]
tests/test_v330.py::WorldwalkerV330Tests::test_background_ai_is_opt_in_and_rate_limited PASSED [ 62%]
tests/test_v330.py::WorldwalkerV330Tests::test_context_compiler_keeps_local_bubble_and_compacts_distant_actors PASSED [ 62%]
tests/test_v330.py::WorldwalkerV330Tests::test_importance_scheduler_keeps_major_events_and_summarizes_overflow PASSED [ 62%]
tests/test_v330.py::WorldwalkerV330Tests::test_local_assessment_marks_major_and_lethal_actions PASSED [ 62%]
tests/test_v330.py::WorldwalkerV330Tests::test_lore_retrieval_cache_reuses_ranked_evidence PASSED [ 62%]
tests/test_v330.py::WorldwalkerV330Tests::test_normal_api_advance_uses_exactly_one_narrator_call PASSED [ 62%]
tests/test_v330.py::WorldwalkerV330Tests::test_npc_intentions_persist_goal_plan_resources_and_progress PASSED [ 62%]
tests/test_v330.py::WorldwalkerV330Tests::test_output_budget_reduces_normal_modes_but_keeps_json_room PASSED [ 63%]
tests/test_v330.py::WorldwalkerV330Tests::test_panels_and_settings_expose_modes_without_a_new_cost_dashboard PASSED [ 63%]
tests/test_v330.py::WorldwalkerV330Tests::test_portrait_cache_ignores_stats_and_position_but_tracks_visible_change PASSED [ 63%]
tests/test_v330.py::WorldwalkerV330Tests::test_production_planning_can_run_without_an_ai_call PASSED [ 63%]
tests/test_v330.py::WorldwalkerV330Tests::test_scene_cache_ignores_chronicle_but_tracks_place PASSED [ 63%]
tests/test_v330.py::WorldwalkerV330Tests::test_three_modes_have_distinct_bounded_profiles PASSED [ 63%]
tests/test_v330.py::WorldwalkerV330Tests::test_unified_event_ledger_deduplicates_sources PASSED [ 63%]
tests/test_v330.py::WorldwalkerV330Tests::test_version_schema_and_simulation_ledgers PASSED [ 63%]
tests/test_v3300.py::WorldwalkerV3300SimulationCoreTests::test_advisor_local_quest_shortcut_does_not_hijack_specific_questions PASSED [ 63%]
tests/test_v3300.py::WorldwalkerV3300SimulationCoreTests::test_advisor_power_comparison_uses_guaranteed_local_chart PASSED [ 63%]
tests/test_v3300.py::WorldwalkerV3300SimulationCoreTests::test_advisor_receives_full_question_evidence_and_uses_main_model_by_default PASSED [ 63%]
tests/test_v3300.py::WorldwalkerV3300SimulationCoreTests::test_core_unifies_capability_ability_progression_npcs_and_threads PASSED [ 63%]
tests/test_v3300.py::WorldwalkerV3300SimulationCoreTests::test_encounter_lifecycle_and_resolution_transaction PASSED [ 63%]
tests/test_v3300.py::WorldwalkerV3300SimulationCoreTests::test_existing_nemesis_and_combat_support_flags_reach_gm_and_combat PASSED [ 64%]
tests/test_v3300.py::WorldwalkerV3300SimulationCoreTests::test_explicit_canon_enemy_power_is_never_rebalanced PASSED [ 64%]
tests/test_v3300.py::WorldwalkerV3300SimulationCoreTests::test_jinchuriki_panel_uses_exact_mechanical_boosts_and_fourth_position PASSED [ 64%]
tests/test_v3300.py::WorldwalkerV3300SimulationCoreTests::test_lethal_combat_kills_by_default_and_mercy_is_explicit PASSED [ 64%]
tests/test_v3300.py::WorldwalkerV3300SimulationCoreTests::test_migration_backfills_core_and_local_evaluator_is_free PASSED [ 64%]
tests/test_v3300.py::WorldwalkerV3300SimulationCoreTests::test_missing_enemy_numbers_use_world_role_not_player_level PASSED [ 64%]
tests/test_v3300.py::WorldwalkerV3300SimulationCoreTests::test_narrative_transfer_recovers_missing_jinchuriki_profile_once PASSED [ 64%]
tests/test_v3300.py::WorldwalkerV3300SimulationCoreTests::test_nemesis_flag_survives_intention_system_and_advances_slowly PASSED [ 64%]
tests/test_v3300.py::WorldwalkerV3300SimulationCoreTests::test_release_and_owned_core_records PASSED [ 64%]
tests/test_v3300.py::WorldwalkerV3300SimulationCoreTests::test_special_form_changes_portrait_signature_then_returns_to_base PASSED [ 64%]
tests/test_v3310.py::WorldwalkerV3310MobileTests::test_advance_activates_and_clears_nine_tails_cloak_portrait PASSED [ 64%]
tests/test_v3310.py::WorldwalkerV3310MobileTests::test_advisor_estimates_named_character_from_campaign_and_canon PASSED [ 64%]
tests/test_v3310.py::WorldwalkerV3310MobileTests::test_approved_mobile_navigation_and_persistent_controls_ship PASSED [ 65%]
tests/test_v3310.py::WorldwalkerV3310MobileTests::test_mobile_qol_is_local_and_does_not_add_ai_calls PASSED [ 65%]
tests/test_v3310.py::WorldwalkerV3310MobileTests::test_mobile_secondary_pages_are_full_screen_and_safe_area_aware PASSED [ 65%]
tests/test_v3310.py::WorldwalkerV3310MobileTests::test_named_character_power_question_does_not_use_player_shortcut PASSED [ 65%]
tests/test_v3310.py::WorldwalkerV3310MobileTests::test_version PASSED    [ 65%]
tests/test_v3320.py::WorldwalkerV3320AtlasTests::test_mobile_quick_time_controls_keep_action_queue PASSED [ 65%]
tests/test_v3320.py::WorldwalkerV3320AtlasTests::test_neighboring_claims_can_merge_under_one_controller PASSED [ 65%]
tests/test_v3320.py::WorldwalkerV3320AtlasTests::test_story_ownership_change_is_authoritative_for_atlas_shading PASSED [ 65%]
tests/test_v3320.py::WorldwalkerV3320AtlasTests::test_strategy_atlas_uses_one_partition_and_controller_boundaries PASSED [ 65%]
tests/test_v3320.py::WorldwalkerV3320AtlasTests::test_version PASSED     [ 65%]
tests/test_v3330.py::WorldwalkerV3330VisualFeedbackTests::test_accessibility_and_performance_controls_cover_new_effects PASSED [ 65%]
tests/test_v3330.py::WorldwalkerV3330VisualFeedbackTests::test_every_shipped_world_has_a_local_ambient_profile PASSED [ 65%]
tests/test_v3330.py::WorldwalkerV3330VisualFeedbackTests::test_major_forms_and_narrative_events_have_nonblocking_feedback PASSED [ 65%]
tests/test_v3330.py::WorldwalkerV3330VisualFeedbackTests::test_map_and_progress_feedback_are_local PASSED [ 66%]
tests/test_v3330.py::WorldwalkerV3330VisualFeedbackTests::test_version PASSED [ 66%]
tests/test_v3330.py::WorldwalkerV3330VisualFeedbackTests::test_visual_layers_are_present PASSED [ 66%]
tests/test_v3331.py::WorldwalkerV3331AgeTrackingTests::test_age_advances_once_per_completed_campaign_year PASSED [ 66%]
tests/test_v3331.py::WorldwalkerV3331AgeTrackingTests::test_new_campaign_records_the_starting_age_anchor PASSED [ 66%]
tests/test_v3331.py::WorldwalkerV3331AgeTrackingTests::test_old_long_running_save_is_repaired_exactly_once PASSED [ 66%]
tests/test_v3331.py::WorldwalkerV3331AgeTrackingTests::test_unknown_or_descriptive_age_is_not_invented PASSED [ 66%]
tests/test_v3331.py::WorldwalkerV3331AgeTrackingTests::test_version PASSED [ 66%]
tests/test_v3332.py::WorldwalkerV3332PhoneRecoveryTests::test_game_data_is_never_cached PASSED [ 66%]
tests/test_v3332.py::WorldwalkerV3332PhoneRecoveryTests::test_recovery_shell_and_real_host_probe_ship PASSED [ 66%]
tests/test_v3332.py::WorldwalkerV3332PhoneRecoveryTests::test_routes_emit_the_expected_cache_headers PASSED [ 66%]
tests/test_v3332.py::WorldwalkerV3332PhoneRecoveryTests::test_version PASSED [ 66%]
tests/test_v3332.py::WorldwalkerV3332PhoneRecoveryTests::test_versioned_shell_files_are_immutable PASSED [ 66%]
tests/test_v3340.py::WorldwalkerV3340PresentationTests::test_action_cards_and_transformation_panel_ship PASSED [ 67%]
tests/test_v3340.py::WorldwalkerV3340PresentationTests::test_event_notice_uses_real_position_and_map_travel PASSED [ 67%]
tests/test_v3340.py::WorldwalkerV3340PresentationTests::test_native_event_sheet_and_world_dice_ship PASSED [ 67%]
tests/test_v3340.py::WorldwalkerV3340PresentationTests::test_return_to_base_form_clears_visual_state_and_route_ships PASSED [ 67%]
tests/test_v3340.py::WorldwalkerV3340PresentationTests::test_version PASSED [ 67%]
tests/test_v3350.py::WorldwalkerV3350CanonCinematicTests::test_every_canon_notice_gets_cached_scene_art PASSED [ 67%]
tests/test_v3350.py::WorldwalkerV3350CanonCinematicTests::test_full_screen_cinematic_and_replay_ship PASSED [ 67%]
tests/test_v3350.py::WorldwalkerV3350CanonCinematicTests::test_version PASSED [ 67%]
tests/test_v3360.py::WorldwalkerV3360Tests::test_legacy_multiplayer_combat_shapes_cannot_lock_buttons PASSED [ 67%]
tests/test_v3360.py::WorldwalkerV3360Tests::test_locked_nen_is_concealed_then_reveals_same_latent_identity PASSED [ 67%]
tests/test_v3360.py::WorldwalkerV3360Tests::test_nen_toggle_reveals_unique_hatsu_and_affinity PASSED [ 67%]
tests/test_v3360.py::WorldwalkerV3360Tests::test_one_piece_creation_adds_selected_haki_and_never_repeats_fruit PASSED [ 67%]
tests/test_v3360.py::WorldwalkerV3360Tests::test_version PASSED          [ 68%]
tests/test_v3361.py::WorldwalkerV3361Tests::test_advisor_comparison_has_guaranteed_local_answer_and_chart PASSED [ 68%]
tests/test_v3361.py::WorldwalkerV3361Tests::test_creation_background_locks_jjk_mechanism_and_bleach_name PASSED [ 68%]
tests/test_v3361.py::WorldwalkerV3361Tests::test_owned_title_event_is_not_announced_again PASSED [ 68%]
tests/test_v3361.py::WorldwalkerV3361Tests::test_player_facing_power_profile_uses_world_terms PASSED [ 68%]
tests/test_v3361.py::WorldwalkerV3361Tests::test_version PASSED          [ 68%]
tests/test_v3361.py::WorldwalkerV3361Tests::test_zanpakuto_sync_repairs_every_identity_surface PASSED [ 68%]
tests/test_v3362.py::WorldwalkerV3362Tests::test_duplicate_fallback_changes_mechanics_in_every_original_power_family PASSED [ 68%]
tests/test_v3362.py::WorldwalkerV3362Tests::test_jjk_generic_rerolls_change_the_actual_governing_rule PASSED [ 68%]
tests/test_v3362.py::WorldwalkerV3362Tests::test_version PASSED          [ 68%]
tests/test_v3362.py::WorldwalkerV3362Tests::test_world_cursors_and_naruto_loading_shuriken_are_local_and_accessible PASSED [ 68%]
tests/test_v3370.py::WorldwalkerV3370Tests::test_companion_combination_requires_real_party_and_becomes_usable PASSED [ 68%]
tests/test_v3370.py::WorldwalkerV3370Tests::test_downtime_surprise_is_deterministic_and_rate_limited PASSED [ 68%]
tests/test_v3370.py::WorldwalkerV3370Tests::test_recent_chats_are_explicit_in_every_compiled_context PASSED [ 69%]
tests/test_v3370.py::WorldwalkerV3370Tests::test_small_player_founded_claim_is_exactly_one_hex_in_map_payload PASSED [ 69%]
tests/test_v3370.py::WorldwalkerV3370Tests::test_trophy_is_only_a_proposal_until_player_accepts PASSED [ 69%]
tests/test_v3370.py::WorldwalkerV3370Tests::test_version_and_new_persistent_fields PASSED [ 69%]
tests/test_v3371.py::WorldwalkerV3371Tests::test_bleach_uses_standard_chronicle_panels PASSED [ 69%]
tests/test_v3371.py::WorldwalkerV3371Tests::test_version PASSED          [ 69%]
tests/test_v3372.py::WorldwalkerV3372Tests::test_bleach_division_swap_is_repaired_but_correct_worded_ordinal_is_not PASSED [ 69%]
tests/test_v3372.py::WorldwalkerV3372Tests::test_committed_attack_still_starts_combat PASSED [ 69%]
tests/test_v3372.py::WorldwalkerV3372Tests::test_concealed_class_affinity_is_a_clue_not_the_class_name PASSED [ 69%]
tests/test_v3372.py::WorldwalkerV3372Tests::test_duel_request_with_a_deep_bow_is_not_combat PASSED [ 69%]
tests/test_v3372.py::WorldwalkerV3372Tests::test_every_canon_world_has_identity_locks PASSED [ 69%]
tests/test_v3372.py::WorldwalkerV3372Tests::test_migration_flags_bad_old_chronicle_without_erasing_history PASSED [ 69%]
tests/test_v3372.py::WorldwalkerV3372Tests::test_placeholder_class_names_are_rejected PASSED [ 69%]
tests/test_v3372.py::WorldwalkerV3372Tests::test_version PASSED          [ 70%]
tests/test_v3380.py::WorldwalkerV3380DepthTests::test_hxh_tracks_each_principle_and_vow PASSED [ 70%]
tests/test_v3380.py::WorldwalkerV3380DepthTests::test_jjk_disclosure_bonus_vows_and_domain_clash PASSED [ 70%]
tests/test_v3380.py::WorldwalkerV3380DepthTests::test_long_event_title_layout_is_flow_based PASSED [ 70%]
tests/test_v3380.py::WorldwalkerV3380DepthTests::test_naruto_career_is_not_power_only_and_beast_remembers PASSED [ 70%]
tests/test_v3380.py::WorldwalkerV3380DepthTests::test_one_piece_arc_and_causal_bounty_history PASSED [ 70%]
tests/test_v3380.py::WorldwalkerV3380DepthTests::test_prompt_router_includes_only_relevant_one_piece_rule PASSED [ 70%]
tests/test_v3380.py::WorldwalkerV3380DepthTests::test_slime_and_bleach_records PASSED [ 70%]
tests/test_v3380.py::WorldwalkerV3380DepthTests::test_solo_floor_package_and_overgeared_behavior_evolution PASSED [ 70%]
tests/test_v3380.py::WorldwalkerV3380DepthTests::test_version PASSED     [ 70%]
tests/test_v3390.py::WorldwalkerV3390ReliabilityTests::test_consequence_reconciliation_repairs_safe_omissions PASSED [ 70%]
tests/test_v3390.py::WorldwalkerV3390ReliabilityTests::test_every_world_survives_three_deterministic_turns 
tests/test_v3390.py::WorldwalkerV3390ReliabilityTests::test_every_world_survives_three_deterministic_turns PASSED [ 70%]
tests/test_v3390.py::WorldwalkerV3390ReliabilityTests::test_factions_have_goals_resources_operations_and_leadership_continuity PASSED [ 71%]
tests/test_v3390.py::WorldwalkerV3390ReliabilityTests::test_grounding_packet_prioritizes_current_state_and_named_context PASSED [ 71%]
tests/test_v3390.py::WorldwalkerV3390ReliabilityTests::test_journal_more_only_contains_player_facing_history_tools PASSED [ 71%]
tests/test_v3390.py::WorldwalkerV3390ReliabilityTests::test_long_campaign_memory_is_deduplicated_archived_and_searchable PASSED [ 71%]
tests/test_v3390.py::WorldwalkerV3390ReliabilityTests::test_version_and_schema PASSED [ 71%]
tests/test_v340.py::WorldwalkerV340Tests::test_campaign_search_finds_history_skills_and_people PASSED [ 71%]
tests/test_v340.py::WorldwalkerV340Tests::test_campaign_search_finds_player_corrections PASSED [ 71%]
tests/test_v340.py::WorldwalkerV340Tests::test_canon_divergence_marks_matching_event_impossible PASSED [ 71%]
tests/test_v340.py::WorldwalkerV340Tests::test_canon_graph_exposes_dependencies_and_confidence PASSED [ 71%]
tests/test_v340.py::WorldwalkerV340Tests::test_deterministic_assessment_exposes_goals_and_routes PASSED [ 71%]
tests/test_v340.py::WorldwalkerV340Tests::test_exact_skip_cannot_end_early_without_a_reason PASSED [ 71%]
tests/test_v340.py::WorldwalkerV340Tests::test_explicit_hidden_class_theme_is_preserved PASSED [ 71%]
tests/test_v340.py::WorldwalkerV340Tests::test_goal_completion_stops_at_early_elapsed PASSED [ 71%]
tests/test_v340.py::WorldwalkerV340Tests::test_iconic_location_label_matches_the_art PASSED [ 72%]
tests/test_v340.py::WorldwalkerV340Tests::test_information_waits_for_delay_then_teaches_recipient PASSED [ 72%]
tests/test_v340.py::WorldwalkerV340Tests::test_local_preflight_flags_elite_guardian_as_a_hard_check PASSED [ 72%]
tests/test_v340.py::WorldwalkerV340Tests::test_moment_skip_may_end_before_its_24_hour_cap PASSED [ 72%]
tests/test_v340.py::WorldwalkerV340Tests::test_npc_schedule_becomes_due PASSED [ 72%]
tests/test_v340.py::WorldwalkerV340Tests::test_old_save_migrates_all_integrity_fields PASSED [ 72%]
tests/test_v340.py::WorldwalkerV340Tests::test_panels_expose_integrity_travel_and_canon_dependencies PASSED [ 72%]
tests/test_v340.py::WorldwalkerV340Tests::test_player_correction_repairs_inventory_and_is_authoritative PASSED [ 72%]
tests/test_v340.py::WorldwalkerV340Tests::test_player_correction_repairs_quest_status PASSED [ 72%]
tests/test_v340.py::WorldwalkerV340Tests::test_search_and_correction_http_endpoints_are_local PASSED [ 72%]
tests/test_v340.py::WorldwalkerV340Tests::test_specific_shop_still_overrides_broad_iconic_location PASSED [ 72%]
tests/test_v340.py::WorldwalkerV340Tests::test_structured_goals_keep_exact_action_indices PASSED [ 72%]
tests/test_v340.py::WorldwalkerV340Tests::test_tower_routes_are_sequential PASSED [ 72%]
tests/test_v340.py::WorldwalkerV340Tests::test_travel_graph_is_connected_from_konoha_to_suna PASSED [ 73%]
tests/test_v340.py::WorldwalkerV340Tests::test_travel_plan_detects_named_destination PASSED [ 73%]
tests/test_v340.py::WorldwalkerV340Tests::test_uncertainty_label_is_honest_about_reconstructed_dates PASSED [ 73%]
tests/test_v340.py::WorldwalkerV340Tests::test_validator_allows_local_sublocation PASSED [ 73%]
tests/test_v340.py::WorldwalkerV340Tests::test_validator_blocks_atlas_travel_that_is_too_fast PASSED [ 73%]
tests/test_v340.py::WorldwalkerV340Tests::test_validator_caps_elapsed_time PASSED [ 73%]
tests/test_v340.py::WorldwalkerV340Tests::test_validator_reattaches_stale_roll_labels PASSED [ 73%]
tests/test_v340.py::WorldwalkerV340Tests::test_version_schema_and_new_ledgers PASSED [ 73%]
tests/test_v3400.py::WorldwalkerV3400GMTests::test_advisor_entries_include_expandable_evidence PASSED [ 73%]
tests/test_v3400.py::WorldwalkerV3400GMTests::test_commitments_and_delayed_consequences_become_due PASSED [ 73%]
tests/test_v3400.py::WorldwalkerV3400GMTests::test_divergence_impacts_propagate_through_timeline_dependencies PASSED [ 73%]
tests/test_v3400.py::WorldwalkerV3400GMTests::test_outcome_scale_detects_a_narrative_mechanics_mismatch PASSED [ 73%]
tests/test_v3400.py::WorldwalkerV3400GMTests::test_pacing_detects_repetition_and_style_uses_only_liked_turns PASSED [ 73%]
tests/test_v3400.py::WorldwalkerV3400GMTests::test_quality_gate_retries_a_breakthrough_without_mechanics_once PASSED [ 74%]
tests/test_v3400.py::WorldwalkerV3400GMTests::test_scene_state_tracks_present_people_and_unresolved_question PASSED [ 74%]
tests/test_v3400.py::WorldwalkerV3400GMTests::test_selective_lore_skips_routine_actions_but_keeps_canon_queries PASSED [ 74%]
tests/test_v3400.py::WorldwalkerV3400GMTests::test_version_and_patch_notes_contract PASSED [ 74%]
tests/test_v3410.py::WorldwalkerV3410Tests::test_ability_history_is_visible_on_the_skill PASSED [ 74%]
tests/test_v3410.py::WorldwalkerV3410Tests::test_companions_and_npcs_advance_independently PASSED [ 74%]
tests/test_v3410.py::WorldwalkerV3410Tests::test_downtime_messages_and_prompt_budget_are_local PASSED [ 74%]
tests/test_v3410.py::WorldwalkerV3410Tests::test_long_skip_updates_are_dated_in_order PASSED [ 74%]
tests/test_v3410.py::WorldwalkerV3410Tests::test_overgeared_class_reception_modes PASSED [ 74%]
tests/test_v3410.py::WorldwalkerV3410Tests::test_release_version PASSED  [ 74%]
tests/test_v3410.py::WorldwalkerV3410Tests::test_targeted_combat_recovery_repairs_string_enemy PASSED [ 74%]
tests/test_v3411.py::WorldwalkerV3411Tests::test_advance_accepts_compact_enemy_without_crashing PASSED [ 74%]
tests/test_v3411.py::WorldwalkerV3411Tests::test_compact_enemy_string_is_normalized PASSED [ 75%]
tests/test_v3411.py::WorldwalkerV3411Tests::test_existing_malformed_nested_combat_repairs_on_migration PASSED [ 75%]
tests/test_v3411.py::WorldwalkerV3411Tests::test_malformed_assessment_rows_do_not_block_advance PASSED [ 75%]
tests/test_v3411.py::WorldwalkerV3411Tests::test_release_version PASSED  [ 75%]
tests/test_v3420.py::ResponseGuardTests::test_compact_response_is_recovered PASSED [ 75%]
tests/test_v3420.py::ResponseGuardTests::test_non_object_helpers_are_safe PASSED [ 75%]
tests/test_v3420.py::ResponseGuardTests::test_version PASSED             [ 75%]
tests/test_v3420.py::AtomicTurnTests::test_failed_turn_restores_all_mutable_surfaces PASSED [ 75%]
tests/test_v3420.py::ScenarioAndMilestoneTests::test_active_combat_scenario_has_cause_objective_and_risk PASSED [ 75%]
tests/test_v3420.py::ScenarioAndMilestoneTests::test_world_milestones_dedupe PASSED [ 75%]
tests/test_v3420.py::AbilityAndMatrixTests::test_every_world_passes_free_playtest_matrix PASSED [ 75%]
tests/test_v3420.py::AbilityAndMatrixTests::test_mechanically_reworded_power_is_rejected PASSED [ 75%]
tests/test_v3421.py::LongCampaignStringCompanionRegressionTests::test_advance_preparation_works_with_reported_campaign_shape PASSED [ 75%]
tests/test_v3421.py::LongCampaignStringCompanionRegressionTests::test_canon_context_accepts_compact_companion_names PASSED [ 76%]
tests/test_v3421.py::LongCampaignStringCompanionRegressionTests::test_incoming_patch_cannot_reintroduce_misplaced_memory_fields PASSED [ 76%]
tests/test_v3421.py::LongCampaignStringCompanionRegressionTests::test_migration_removes_response_envelope_from_npc_memories PASSED [ 76%]
tests/test_v3421.py::LongCampaignStringCompanionRegressionTests::test_release_version PASSED [ 76%]
tests/test_v3430.py::LongCampaignHealthTests::test_deep_shapes_stale_goals_quests_scene_and_combat_repair_together PASSED [ 76%]
tests/test_v3430.py::LongCampaignHealthTests::test_memory_tiers_and_compaction_keep_current_truth PASSED [ 76%]
tests/test_v3430.py::LongCampaignHealthTests::test_npc_updates_describe_progress_and_decisions_in_plain_language PASSED [ 76%]
tests/test_v3430.py::LongCampaignHealthTests::test_partial_json_response_is_recovered_without_second_call PASSED [ 76%]
tests/test_v3430.py::LongCampaignHealthTests::test_release_version PASSED [ 76%]
tests/test_v3430.py::LongCampaignHealthTests::test_runtime_diagnostics_have_stable_support_id PASSED [ 76%]
tests/test_v3430.py::LongCampaignHealthTests::test_save_bundle_does_not_repeat_full_long_state_in_every_checkpoint PASSED [ 76%]
tests/test_v3430.py::LongCampaignHealthTests::test_standing_order_lifecycle_preserves_full_plan PASSED [ 76%]
tests/test_v3430.py::ReportedChenSaveRegressionTest::test_attached_long_campaign_migrates_and_advances_when_available SKIPPED [ 76%]
tests/test_v3440.py::TokenBudgetRegressionTests::test_cloud_client_retries_token_limit_with_smaller_payload PASSED [ 77%]
tests/test_v3440.py::TokenBudgetRegressionTests::test_long_campaign_prompt_budget_is_actually_enforced PASSED [ 77%]
tests/test_v3440.py::PromptContractRegressionTests::test_nightmare_keeps_strict_feasibility_but_same_causality PASSED [ 77%]
tests/test_v3440.py::PromptContractRegressionTests::test_outcome_contract_replaces_duplicate_drama_rules PASSED [ 77%]
tests/test_v3440.py::PromptContractRegressionTests::test_support_jobs_do_not_receive_the_full_narrator_prompt PASSED [ 77%]
tests/test_v3440.py::ApprovedPortraitRegressionTests::test_approved_canon_start_portrait_is_bundled PASSED [ 77%]
tests/test_v3440.py::ApprovedPortraitRegressionTests::test_approved_eight_gates_stages_select_matching_art PASSED [ 77%]
tests/test_v3440.py::ApprovedPortraitRegressionTests::test_every_approved_canon_portrait_file_is_present PASSED [ 77%]
tests/test_v3440.py::ApprovedPortraitRegressionTests::test_original_eight_gates_user_keeps_identity_specific_generation PASSED [ 77%]
tests/test_v3441.py::WorldwalkerV3441EconomyTests::test_approved_one_piece_poneglyph_skin_is_shipped PASSED [ 77%]
tests/test_v3441.py::WorldwalkerV3441EconomyTests::test_debt_payment_uses_available_cash_and_keeps_a_ledger PASSED [ 77%]
tests/test_v3441.py::WorldwalkerV3441EconomyTests::test_fractional_prices_are_not_rounded_down_to_free PASSED [ 77%]
tests/test_v3441.py::WorldwalkerV3441EconomyTests::test_narrative_only_world_rejects_ai_money_bookkeeping PASSED [ 78%]
tests/test_v3441.py::WorldwalkerV3441EconomyTests::test_release_metadata PASSED [ 78%]
tests/test_v3441.py::WorldwalkerV3441EconomyTests::test_shop_can_spend_a_named_secondary_currency PASSED [ 78%]
tests/test_v3441.py::WorldwalkerV3441EconomyTests::test_slime_fractional_purchase_uses_exact_minor_units PASSED [ 78%]
tests/test_v3442.py::CombatApplicationTests::test_nested_shield_resolves_in_an_actual_round PASSED [ 78%]
tests/test_v3442.py::CombatApplicationTests::test_umbrella_moves_and_kick_are_real_combat_options PASSED [ 78%]
tests/test_v3442.py::CombatApplicationTests::test_version PASSED         [ 78%]
tests/test_v3442.py::CommunicationAndAgendaTests::test_famous_canon_character_never_falls_to_generic_baseline PASSED [ 78%]
tests/test_v3442.py::CommunicationAndAgendaTests::test_local_message_requires_relevance_and_contains_only_dialogue PASSED [ 78%]
tests/test_v3442.py::CommunicationAndAgendaTests::test_migration_unwraps_existing_local_message PASSED [ 78%]
tests/test_v3442.py::CommunicationAndAgendaTests::test_narrative_assignment_omits_none_and_repeated_boilerplate PASSED [ 78%]
tests/test_v3443.py::WorldwalkerV3443GMPolicyTests::test_advisor_estimates_named_campaign_npc_from_world_role PASSED [ 78%]
tests/test_v3443.py::WorldwalkerV3443GMPolicyTests::test_approved_example_selection_prefers_matching_activity PASSED [ 78%]
tests/test_v3443.py::WorldwalkerV3443GMPolicyTests::test_information_envelope_repairs_string_recipients PASSED [ 79%]
tests/test_v3443.py::WorldwalkerV3443GMPolicyTests::test_intent_parser_preserves_method_target_duration_and_standing_order PASSED [ 79%]
tests/test_v3443.py::WorldwalkerV3443GMPolicyTests::test_naruto_scroll_rolls_use_high_contrast_ink PASSED [ 79%]
tests/test_v3443.py::WorldwalkerV3443GMPolicyTests::test_new_turn_focus_uses_the_actual_scroll_owner PASSED [ 79%]
tests/test_v3443.py::WorldwalkerV3443GMPolicyTests::test_one_complication_limit_requires_a_cause PASSED [ 79%]
tests/test_v3443.py::WorldwalkerV3443GMPolicyTests::test_progression_plan_promises_visible_sustained_training PASSED [ 79%]
tests/test_v3443.py::WorldwalkerV3443GMPolicyTests::test_real_turn_prompts_route_only_relevant_large_modules PASSED [ 79%]
tests/test_v3443.py::WorldwalkerV3443GMPolicyTests::test_release_metadata PASSED [ 79%]
tests/test_v3443.py::WorldwalkerV3443GMPolicyTests::test_suggestions_drop_unknown_contacts_and_finished_combat PASSED [ 79%]
tests/test_v3443.py::WorldwalkerV3443GMPolicyTests::test_template_cleanup_removes_filler_and_duplicate_lines PASSED [ 79%]
tests/test_v3443.py::WorldwalkerV3443GMPolicyTests::test_temporal_budget_stops_moments_at_the_next_decision PASSED [ 79%]
tests/test_v3443.py::WorldwalkerV3443NarutoLineageRecoveryTests::test_narratively_awakened_sharingan_populates_dojutsu_panel PASSED [ 79%]
tests/test_v3443.py::WorldwalkerV3443NarutoLineageRecoveryTests::test_sharingan_skill_in_an_old_save_repairs_the_panel PASSED [ 79%]
tests/test_v3450.py::IntentContracts::test_does_not_resolve_ambiguous_pronouns_to_random_npc PASSED [ 80%]
tests/test_v3450.py::IntentContracts::test_negation_condition_and_observation PASSED [ 80%]
tests/test_v3450.py::IntentContracts::test_scope_table 
tests/test_v3450.py::IntentContracts::test_scope_table PASSED            [ 80%]
tests/test_v3450.py::EvidenceAndOrders::test_established_injury_can_block_order PASSED [ 80%]
tests/test_v3450.py::EvidenceAndOrders::test_failed_roll_is_evidence_not_an_arbitrary_source PASSED [ 80%]
tests/test_v3450.py::EvidenceAndOrders::test_friendship_does_not_imply_authority PASSED [ 80%]
tests/test_v3450.py::EvidenceAndOrders::test_future_knowledge_and_dead_witness_excluded PASSED [ 80%]
tests/test_v3450.py::EvidenceAndOrders::test_hidden_skill_not_disclosed_by_presence PASSED [ 80%]
tests/test_v3450.py::EvidenceAndOrders::test_information_delivery_time_matters PASSED [ 80%]
tests/test_v3450.py::EvidenceAndOrders::test_legacy_dict_shaped_motives_are_safe PASSED [ 80%]
tests/test_v3450.py::EvidenceAndOrders::test_loyal_subordinate_cannot_refuse_without_evidence PASSED [ 80%]
tests/test_v3450.py::EvidenceAndOrders::test_made_up_information_source_fails PASSED [ 80%]
tests/test_v3450.py::EvidenceAndOrders::test_mentioning_a_distant_person_does_not_make_them_a_witness PASSED [ 81%]
tests/test_v3450.py::EvidenceAndOrders::test_normal_advance_uses_planned_actions_for_commands PASSED [ 81%]
tests/test_v3450.py::EvidenceAndOrders::test_prepared_request_retains_ordinary_complication_limit PASSED [ 81%]
tests/test_v3450.py::EvidenceAndOrders::test_side_chat_greeting_is_not_an_order PASSED [ 81%]
tests/test_v3450.py::EvidenceAndOrders::test_witness_ref_is_actor_specific PASSED [ 81%]
tests/test_v3450.py::OutcomesMemoryAndPacing::test_current_facts_replace_authority_not_history PASSED [ 81%]
tests/test_v3450.py::OutcomesMemoryAndPacing::test_explicit_losses_and_recovery_not_reawarded PASSED [ 81%]
tests/test_v3450.py::OutcomesMemoryAndPacing::test_failed_purchase_does_not_award_inventory PASSED [ 81%]
tests/test_v3450.py::OutcomesMemoryAndPacing::test_keyword_stuffing_cannot_pass_outcome_contract PASSED [ 81%]
tests/test_v3450.py::OutcomesMemoryAndPacing::test_knowledge_timestamp_survives_normalization PASSED [ 81%]
tests/test_v3450.py::OutcomesMemoryAndPacing::test_named_skill_requires_mechanics_not_placeholder PASSED [ 81%]
tests/test_v3450.py::OutcomesMemoryAndPacing::test_old_save_needs_no_new_creation_fields PASSED [ 81%]
tests/test_v3450.py::OutcomesMemoryAndPacing::test_routine_grouping_keeps_all_concrete_progress_and_decisions PASSED [ 81%]
tests/test_v3450.py::OutcomesMemoryAndPacing::test_routine_only_skip_should_not_interrupt PASSED [ 82%]
tests/test_v3450.py::OutcomesMemoryAndPacing::test_small_prompt_retains_current_fact_view PASSED [ 82%]
tests/test_v3450.py::RepairAndMultiTurn::test_failed_repair_does_not_mutate_state PASSED [ 82%]
tests/test_v3450.py::RepairAndMultiTurn::test_multiturn_secret_save_reload_and_use_all_worlds 
tests/test_v3450.py::RepairAndMultiTurn::test_multiturn_secret_save_reload_and_use_all_worlds PASSED [ 82%]
tests/test_v3450.py::RepairAndMultiTurn::test_repair_receives_original_draft_and_only_one_retry PASSED [ 82%]
tests/test_v3450.py::RepairAndMultiTurn::test_side_chat_uses_current_memory_and_command_contract PASSED [ 82%]
tests/test_v3450.py::RepairAndMultiTurn::test_valid_turn_does_not_add_an_ai_call PASSED [ 82%]
tests/test_v3451.py::MobileChatTests::test_more_menu_includes_npc_chat PASSED [ 82%]
tests/test_v3451.py::MobileChatTests::test_shared_opener_refreshes_before_open_and_handles_errors PASSED [ 82%]
tests/test_v3460.py::RefinementTests::test_actual_commitment_and_standing_update_channels_respect_closure PASSED [ 82%]
tests/test_v3460.py::RefinementTests::test_completed_project_does_not_reopen_without_cause PASSED [ 82%]
tests/test_v3460.py::RefinementTests::test_connected_memory_reads_real_location_and_roster_shapes PASSED [ 82%]
tests/test_v3460.py::RefinementTests::test_dead_subordinate_is_not_commanded PASSED [ 82%]
tests/test_v3460.py::RefinementTests::test_followup_uses_recent_command_not_a_random_person PASSED [ 83%]
tests/test_v3460.py::RefinementTests::test_groups_only_include_actual_subordinates PASSED [ 83%]
tests/test_v3460.py::RefinementTests::test_legitimate_new_damage_can_reopen_resolved_project PASSED [ 83%]
tests/test_v3460.py::RefinementTests::test_mentions_are_not_acquisitions 
tests/test_v3460.py::RefinementTests::test_mentions_are_not_acquisitions PASSED [ 83%]
tests/test_v3460.py::RefinementTests::test_orphanage_links_caretaker_and_promise_with_bounded_context PASSED [ 83%]
tests/test_v3460.py::RefinementTests::test_suspicion_cannot_support_confirmed_claim PASSED [ 83%]
tests/test_v3460.py::RefinementTests::test_unrelated_known_fact_is_not_evidence PASSED [ 83%]
tests/test_v3460.py::RecoveryTests::test_edited_campaign_invalidates_retry_work PASSED [ 83%]
tests/test_v3460.py::RecoveryTests::test_failure_reuses_roll_and_valid_draft_without_extra_ai PASSED [ 83%]
tests/test_v3460.py::RecoveryTests::test_retry_signature_respects_duration_and_model_but_not_error_logs PASSED [ 83%]
tests/test_v3460.py::RecoveryTests::test_second_repair_is_checked_for_narrative_and_quality PASSED [ 83%]
tests/test_v3460.py::ChapterTests::test_legacy_chapter_display_keeps_full_memory_untouched PASSED [ 83%]
tests/test_v3460.py::ChapterTests::test_sentences_keep_their_original_order_inside_each_beat PASSED [ 84%]
tests/test_v3460.py::ChapterTests::test_short_recap_uses_complete_grounded_sentences PASSED [ 84%]
tests/test_v3460.py::ChapterTests::test_unrelated_generated_recap_falls_back_without_stopping_turn PASSED [ 84%]
tests/test_v3460.py::ApiTests::test_correction_preview_does_not_mutate_and_requires_current_preview PASSED [ 84%]
tests/test_v3460.py::ApiTests::test_successful_request_id_cannot_award_twice PASSED [ 84%]
tests/test_v3460.py::LongCampaignTests::test_five_year_campaigns_across_every_world 
tests/test_v3460.py::LongCampaignTests::test_five_year_campaigns_across_every_world PASSED [ 84%]
tests/test_v3470.py::RosterTests::test_all_members_remain_after_companions_removed PASSED [ 84%]
tests/test_v3470.py::RosterTests::test_every_world_has_native_label 
tests/test_v3470.py::RosterTests::test_every_world_has_native_label PASSED [ 84%]
tests/test_v3470.py::RosterTests::test_former_affiliation_does_not_create_active_membership PASSED [ 84%]
tests/test_v3470.py::RosterTests::test_large_roster_has_no_scene_cap_but_prompt_does PASSED [ 84%]
tests/test_v3470.py::RosterTests::test_malformed_and_string_legacy_members PASSED [ 84%]
tests/test_v3470.py::RosterTests::test_migration_and_view_do_not_rewrite_source PASSED [ 84%]
tests/test_v3470.py::RosterTests::test_no_fake_unknown_power_and_no_hidden_power_leak PASSED [ 84%]
tests/test_v3470.py::CommandAndMembershipTests::test_death_propagates_and_cannot_recruit_dead_member PASSED [ 85%]
tests/test_v3470.py::CommandAndMembershipTests::test_hierarchy_independent_ally_and_cycles PASSED [ 85%]
tests/test_v3470.py::CommandAndMembershipTests::test_invite_is_not_join_and_departure_cannot_be_undone_by_stale_rows PASSED [ 85%]
tests/test_v3470.py::CommandAndMembershipTests::test_legacy_subordinate_keeps_authority_without_inventing_group_leader PASSED [ 85%]
tests/test_v3470.py::CommandAndMembershipTests::test_new_companion_does_not_implicitly_join_existing_roster PASSED [ 85%]
tests/test_v3470.py::CommandAndMembershipTests::test_query_schema_and_invalid_agreement PASSED [ 85%]
tests/test_v3470.py::LifeTests::test_age_unknown_spiritual_and_correction PASSED [ 85%]
tests/test_v3470.py::LifeTests::test_existing_narrated_training_gain_is_not_awarded_twice PASSED [ 85%]
tests/test_v3470.py::LifeTests::test_family_maturity_without_inherited_power_or_duplicate_birth_reset PASSED [ 85%]
tests/test_v3470.py::LifeTests::test_missing_heir_does_not_trigger_succession PASSED [ 85%]
tests/test_v3470.py::LifeTests::test_noncombat_idle_and_incapacitated_do_not_gain_combat 
tests/test_v3470.py::LifeTests::test_noncombat_idle_and_incapacitated_do_not_gain_combat PASSED [ 85%]
tests/test_v3470.py::LifeTests::test_only_accepted_succession_after_explicit_retirement PASSED [ 85%]
tests/test_v3470.py::LifeTests::test_real_time_skip_updates_roster_and_lives PASSED [ 85%]
tests/test_v3470.py::LifeTests::test_secondary_former_membership_does_not_stop_active_training PASSED [ 86%]
tests/test_v3470.py::LifeTests::test_short_and_long_ticks_match PASSED   [ 86%]
tests/test_v3470.py::LifeTests::test_training_uses_npc_not_player_power_and_reloads PASSED [ 86%]
tests/test_v350.py::WorldwalkerV350Tests::test_frontend_instructions_and_contextual_tactics_are_current PASSED [ 86%]
tests/test_v350.py::WorldwalkerV350Tests::test_guaranteed_unknown_hidden_crafting_class_is_automatic_and_real PASSED [ 86%]
tests/test_v350.py::WorldwalkerV350Tests::test_moment_continuation_keeps_the_complete_standing_plan PASSED [ 86%]
tests/test_v350.py::WorldwalkerV350Tests::test_opening_cannot_overwrite_canon_identity_or_mechanics PASSED [ 86%]
tests/test_v350.py::WorldwalkerV350Tests::test_release_metadata PASSED   [ 86%]
tests/test_v350.py::WorldwalkerV350Tests::test_roll_summary_always_names_its_action PASSED [ 86%]
tests/test_v350.py::WorldwalkerV350Tests::test_world_metadata_has_visible_overgeared_defaults PASSED [ 86%]
tests/test_v350.py::WorldwalkerV350Tests::test_yahiko_start_is_normalized_and_precedes_foundation_and_death PASSED [ 86%]
tests/test_v3500.py::PortraitIdentityUpdateTests::test_release_metadata PASSED [ 86%]
tests/test_v3500.py::PortraitIdentityUpdateTests::test_shared_portrait_surfaces_are_present PASSED [ 86%]
tests/test_v3500.py::PortraitIdentityUpdateTests::test_tactical_portraits_cover_turns_and_targets PASSED [ 87%]
tests/test_v3510.py::test_action_deck_preserves_freeform_and_adds_contextual_actions PASSED [ 87%]
tests/test_v3510.py::test_relationship_portraits_open_person_specific_actions PASSED [ 87%]
tests/test_v3510.py::test_action_deck_is_phone_ready_and_accessible PASSED [ 87%]
tests/test_v3511.py::test_frozen_build_includes_the_naruto_move_library_beside_the_module PASSED [ 87%]
tests/test_v3511.py::test_release_version_is_3511 PASSED                 [ 87%]
tests/test_v3570.py::test_every_world_atlas_is_4k_and_label_free_asset_exists PASSED [ 87%]
tests/test_v3570.py::test_bleach_realm_boards_follow_current_location_and_keep_other_boards_switchable PASSED [ 87%]
tests/test_v3570.py::test_bleach_realm_assets_are_4k PASSED              [ 87%]
tests/test_v3570.py::test_solo_overview_does_not_pretend_floors_are_land_territories PASSED [ 87%]
tests/test_v3570.py::test_removed_generic_locations_are_not_reintroduced PASSED [ 87%]
tests/test_v360.py::WorldwalkerV360Tests::test_action_queue_can_be_edited_and_reordered_without_time_moving PASSED [ 87%]
tests/test_v360.py::WorldwalkerV360Tests::test_cause_effect_names_action_and_roll PASSED [ 88%]
tests/test_v360.py::WorldwalkerV360Tests::test_cloud_cost_cap_blocks_before_a_request PASSED [ 88%]
tests/test_v360.py::WorldwalkerV360Tests::test_director_tracks_goal_obstacle_npcs_and_canon_pressure PASSED [ 88%]
tests/test_v360.py::WorldwalkerV360Tests::test_extreme_obstacles_and_power_leaps_still_roll PASSED [ 88%]
tests/test_v360.py::WorldwalkerV360Tests::test_failed_checks_gain_a_specific_lead PASSED [ 88%]
tests/test_v360.py::WorldwalkerV360Tests::test_focused_month_training_now_produces_large_visible_gain PASSED [ 88%]
tests/test_v360.py::WorldwalkerV360Tests::test_major_power_leap_uses_its_visible_roll_not_hidden_chance PASSED [ 88%]
tests/test_v360.py::WorldwalkerV360Tests::test_model_comparison_uses_identical_scenarios_without_mutating_campaign PASSED [ 88%]
tests/test_v360.py::WorldwalkerV360Tests::test_recurring_npc_depth_persists_without_revealing_secrets PASSED [ 88%]
tests/test_v360.py::WorldwalkerV360Tests::test_relationship_scene_is_optional_and_not_every_turn PASSED [ 88%]
tests/test_v360.py::WorldwalkerV360Tests::test_routine_training_politics_strategy_and_combat_do_not_roll PASSED [ 88%]
tests/test_v360.py::WorldwalkerV360Tests::test_system_world_training_xp_is_noticeable_over_a_month PASSED [ 88%]
tests/test_v362.py::WorldwalkerV362Tests::test_canon_prompt_fallback_uses_location_role_and_event PASSED [ 88%]
tests/test_v362.py::WorldwalkerV362Tests::test_challenge_play_and_stop_defers_remaining_plan PASSED [ 89%]
tests/test_v362.py::WorldwalkerV362Tests::test_event_notice_has_no_private_chat_or_yes_no_intervention PASSED [ 89%]
tests/test_v362.py::WorldwalkerV362Tests::test_explicit_attack_backfills_structured_combat PASSED [ 89%]
tests/test_v362.py::WorldwalkerV362Tests::test_mobile_chat_and_advisor_keep_large_scrollable_message_areas PASSED [ 89%]
tests/test_v362.py::WorldwalkerV362Tests::test_unavoidable_incoming_attack_backfills_combat_but_negotiation_does_not PASSED [ 89%]
tests/test_v362.py::WorldwalkerV362Tests::test_version PASSED            [ 89%]
tests/test_v363.py::WorldwalkerV363Tests::test_combat_outcome_clears_scenario_acknowledgement PASSED [ 89%]
tests/test_v363.py::WorldwalkerV363Tests::test_committed_attack_language_starts_combat_immediately PASSED [ 89%]
tests/test_v363.py::WorldwalkerV363Tests::test_frontend_skips_repeat_danger_notice_and_merges_lethal_consent PASSED [ 89%]
tests/test_v363.py::WorldwalkerV363Tests::test_negotiation_before_violence_does_not_force_combat PASSED [ 89%]
tests/test_v363.py::WorldwalkerV363Tests::test_new_lethal_action_is_never_suppressed_inside_warned_scenario PASSED [ 89%]
tests/test_v363.py::WorldwalkerV363Tests::test_version_and_danger_state_schema PASSED [ 89%]
tests/test_v363.py::WorldwalkerV363Tests::test_warns_once_then_suppresses_repeat_nonlethal_difficulty_gate PASSED [ 89%]
tests/test_v364_membership_truth.py::V364MembershipTruthTests::test_yahiko_old_save_repairs_to_seven_real_members PASSED [ 90%]
tests/test_v364_systems.py::V364SystemTests::test_character_path_pin_uses_existing_skill PASSED [ 90%]
tests/test_v364_systems.py::V364SystemTests::test_minor_canon_event_can_be_targeted PASSED [ 90%]
tests/test_v364_systems.py::V364SystemTests::test_read_views_do_not_create_system_ledgers PASSED [ 90%]
tests/test_v370.py::WorldwalkerV370Tests::test_autosaves_keep_fewer_checkpoints_than_manual_saves PASSED [ 90%]
tests/test_v370.py::WorldwalkerV370Tests::test_cached_input_tokens_are_reported_separately PASSED [ 90%]
tests/test_v370.py::WorldwalkerV370Tests::test_completed_combat_never_overrides_the_current_environment_art PASSED [ 90%]
tests/test_v370.py::WorldwalkerV370Tests::test_denied_or_absent_attack_target_does_not_spawn_contradictory_combat PASSED [ 90%]
tests/test_v370.py::WorldwalkerV370Tests::test_each_combat_round_returns_only_its_new_log_rows PASSED [ 90%]
tests/test_v370.py::WorldwalkerV370Tests::test_explicit_attack_target_is_parsed_before_unrelated_known_names PASSED [ 90%]
tests/test_v370.py::WorldwalkerV370Tests::test_frontend_filters_combat_skills_resets_time_and_supports_mobile_advisor PASSED [ 90%]
tests/test_v370.py::WorldwalkerV370Tests::test_goal_completed_at_requested_endpoint_is_not_called_interrupted PASSED [ 90%]
tests/test_v370.py::WorldwalkerV370Tests::test_guided_suggestions_drop_stale_combat_location_and_unknown_contact PASSED [ 91%]
tests/test_v370.py::WorldwalkerV370Tests::test_placeholder_quest_is_replaced_with_a_concrete_briefing PASSED [ 91%]
tests/test_v370.py::WorldwalkerV370Tests::test_profession_skills_are_explicitly_hidden_from_combat PASSED [ 91%]
tests/test_v370.py::WorldwalkerV370Tests::test_skill_notifications_never_dump_internal_dictionaries PASSED [ 91%]
tests/test_v370.py::WorldwalkerV370Tests::test_task_prompts_are_smaller_than_the_legacy_everything_prompt PASSED [ 91%]
tests/test_v370.py::WorldwalkerV370Tests::test_version_and_manual_portrait_default PASSED [ 91%]
tests/test_v371.py::WorldwalkerV371Tests::test_extreme_nonlethal_plan_with_a_concrete_method_uses_consequences_not_a_gate PASSED [ 91%]
tests/test_v371.py::WorldwalkerV371Tests::test_literal_world_rule_blocks_remain PASSED [ 91%]
tests/test_v371.py::WorldwalkerV371Tests::test_lower_modes_remove_unsupported_model_impossibility PASSED [ 91%]
tests/test_v371.py::WorldwalkerV371Tests::test_nightmare_assessment_is_unchanged PASSED [ 91%]
tests/test_v371.py::WorldwalkerV371Tests::test_nightmare_keeps_old_training_rate_and_single_stat_behavior PASSED [ 91%]
tests/test_v371.py::WorldwalkerV371Tests::test_plausible_named_power_route_becomes_assured_progression PASSED [ 91%]
tests/test_v371.py::WorldwalkerV371Tests::test_six_month_rigorous_yahiko_training_reaches_jonin_benchmark PASSED [ 91%]
tests/test_v371.py::WorldwalkerV371Tests::test_specific_power_method_bypasses_lower_mode_gate_but_not_nightmare PASSED [ 92%]
tests/test_v371.py::WorldwalkerV371Tests::test_task_prompts_distinguish_player_favoring_and_nightmare_policy PASSED [ 92%]
tests/test_v371.py::WorldwalkerV371Tests::test_version PASSED            [ 92%]
tests/test_v372.py::WorldwalkerV372Tests::test_advisor_and_public_state_receive_same_mechanical_profile PASSED [ 92%]
tests/test_v372.py::WorldwalkerV372Tests::test_ai_authors_unique_hidden_class_instead_of_selecting_pool_entry PASSED [ 92%]
tests/test_v372.py::WorldwalkerV372Tests::test_claimed_kekkei_genkai_creates_matching_persisted_techniques PASSED [ 92%]
tests/test_v372.py::WorldwalkerV372Tests::test_extreme_specialty_is_not_called_reality_bending_overall PASSED [ 92%]
tests/test_v372.py::WorldwalkerV372Tests::test_named_training_stat_is_used_and_world_method_can_accelerate_growth PASSED [ 92%]
tests/test_v372.py::WorldwalkerV372Tests::test_nightmare_specialized_training_keeps_single_stat_old_rate PASSED [ 92%]
tests/test_v372.py::WorldwalkerV372Tests::test_plain_training_develops_every_stat_and_targets_weak_foundation PASSED [ 92%]
tests/test_v372.py::WorldwalkerV372Tests::test_power_summary_is_above_journal_and_uses_shared_profile PASSED [ 92%]
tests/test_v372.py::WorldwalkerV372Tests::test_version PASSED            [ 92%]
tests/test_v380.py::WorldwalkerV380Tests::test_canon_presets_seed_signature_mechanics PASSED [ 92%]
tests/test_v380.py::WorldwalkerV380Tests::test_custom_world_can_explicitly_use_levels_and_xp PASSED [ 93%]
tests/test_v380.py::WorldwalkerV380Tests::test_early_canon_presets_do_not_grant_future_techniques_or_duplicate_stats PASSED [ 93%]
tests/test_v380.py::WorldwalkerV380Tests::test_high_status_original_starts_are_mechanical PASSED [ 93%]
tests/test_v380.py::WorldwalkerV380Tests::test_new_eras_and_archetypes_are_exposed PASSED [ 93%]
tests/test_v380.py::WorldwalkerV380Tests::test_secret_factions_are_known_but_not_directly_contactable PASSED [ 93%]
tests/test_v380.py::WorldwalkerV380Tests::test_tempest_officer_default_is_moved_to_a_possible_era PASSED [ 93%]
tests/test_v380.py::WorldwalkerV380Tests::test_version PASSED            [ 93%]
tests/test_v381.py::WorldwalkerV381Tests::test_one_piece_start_options_are_broad_and_all_mapped PASSED [ 93%]
tests/test_v381.py::WorldwalkerV381Tests::test_pain_birth_is_a_complete_canon_start PASSED [ 93%]
tests/test_v381.py::WorldwalkerV381Tests::test_version PASSED            [ 93%]
tests/test_v390.py::WorldwalkerV390BleachTests::test_bleach_creator_is_soul_reaper_only_with_three_requested_eras PASSED [ 93%]
tests/test_v390.py::WorldwalkerV390BleachTests::test_bleach_currency_is_narrative_only PASSED [ 93%]
tests/test_v390.py::WorldwalkerV390BleachTests::test_bleach_money_prose_does_not_trigger_currency_drift_warning PASSED [ 94%]
tests/test_v390.py::WorldwalkerV390BleachTests::test_bleach_rejects_currency_patches_and_purchase_buttons PASSED [ 94%]
tests/test_v390.py::WorldwalkerV390BleachTests::test_established_kido_names_are_repaired_and_open_slots_persist PASSED [ 94%]
tests/test_v390.py::WorldwalkerV390BleachTests::test_explicit_owned_release_is_structured_and_bankai_requires_shikai PASSED [ 94%]
tests/test_v390.py::WorldwalkerV390BleachTests::test_ichigo_is_the_only_canon_start_and_begins_in_active_combat PASSED [ 94%]
tests/test_v390.py::WorldwalkerV390BleachTests::test_kido_catalogs_and_map_are_populated PASSED [ 94%]
tests/test_v390.py::WorldwalkerV390BleachTests::test_original_start_has_real_gear_kido_and_squad_quest_but_no_release PASSED [ 94%]
tests/test_v390.py::WorldwalkerV390BleachTests::test_version PASSED      [ 94%]
tests/test_v390.py::WorldwalkerV390BleachTests::test_wanting_shikai_does_not_grant_it_at_creation PASSED [ 94%]
tests/test_world_atlas.py::WorldAtlasTests::test_claim_starts_one_tile_and_grows_exactly PASSED [ 94%]
tests/test_world_atlas.py::WorldAtlasTests::test_country_transfer_updates_markers_and_every_district_tile PASSED [ 94%]
tests/test_world_atlas.py::WorldAtlasTests::test_hxh_mitene_and_overgeared_continents PASSED [ 94%]
tests/test_world_atlas.py::WorldAtlasTests::test_jjk_school_is_not_a_country PASSED [ 94%]
tests/test_world_atlas.py::WorldAtlasTests::test_land_always_has_one_owner_and_stable_ids 
tests/test_world_atlas.py::WorldAtlasTests::test_land_always_has_one_owner_and_stable_ids PASSED [ 95%]
tests/test_world_atlas.py::WorldAtlasTests::test_naruto_places_have_the_right_polity PASSED [ 95%]
tests/test_world_atlas.py::WorldAtlasTests::test_no_geography_leaks_between_worlds PASSED [ 95%]
tests/test_world_atlas.py::WorldAtlasTests::test_presets_do_not_depend_on_start PASSED [ 95%]
tests/test_world_atlas.py::WorldAtlasTests::test_realm_claim_stays_in_its_realm PASSED [ 95%]
tests/test_world_atlas.py::WorldAtlasTests::test_snapshot_does_not_mutate_old_save PASSED [ 95%]
tests/test_world_atlas.py::WorldAtlasTests::test_solo_only_returns_current_floor PASSED [ 95%]
tests/test_world_atlas.py::WorldAtlasTests::test_unanchored_claim_does_not_follow_player PASSED [ 95%]
tests/test_world_plans.py::WorldPlanTests::test_cancelled_order_stops_associated_work PASSED [ 95%]
tests/test_world_plans.py::WorldPlanTests::test_creation_does_not_retroactively_spend_time PASSED [ 95%]
tests/test_world_plans.py::WorldPlanTests::test_existing_living_world_hook_and_context_are_safe PASSED [ 95%]
tests/test_world_plans.py::WorldPlanTests::test_explicit_resolution_and_persistent_benefit PASSED [ 95%]
tests/test_world_plans.py::WorldPlanTests::test_hidden_plan_progresses_without_leaking_report PASSED [ 95%]
tests/test_world_plans.py::WorldPlanTests::test_incapacitated_actor_does_not_keep_working PASSED [ 96%]
tests/test_world_plans.py::WorldPlanTests::test_prerequisite_prevents_progress PASSED [ 96%]
tests/test_world_plans.py::WorldPlanTests::test_real_gm_context_and_public_state_boundaries PASSED [ 96%]
tests/test_world_plans.py::WorldPlanTests::test_reports_are_capped_and_pending_not_discarded PASSED [ 96%]
tests/test_world_plans.py::WorldPlanTests::test_retry_cannot_double_progress_or_repeat_report PASSED [ 96%]
tests/test_world_plans.py::WorldPlanTests::test_safer_route_is_local_and_nonstacking PASSED [ 96%]
tests/test_world_plans.py::WorldPlanTests::test_staged_work_survives_save_and_stops_before_contested_result PASSED [ 96%]
tests/test_world_plans.py::WorldPlanTests::test_unknown_actor_and_unsupported_goal_do_not_seed PASSED [ 96%]
tools/check_workspace_tabs.py::test_default_readable_and_latest_reachable PASSED [ 96%]
tools/check_workspace_tabs.py::test_map_dimensions_iframe_scroll_and_draft_survive PASSED [ 96%]
tools/check_workspace_tabs.py::test_unread_and_identical_rerenders PASSED [ 96%]
tools/check_workspace_tabs.py::test_keyboard_and_inactive_panel_focus PASSED [ 96%]
tools/check_workspace_tabs.py::test_saved_view_and_programmatic_map_shortcut PASSED [ 97%]
tools/check_workspace_tabs.py::test_breakpoints_and_mobile_restore[390] PASSED [ 97%]
tools/check_workspace_tabs.py::test_breakpoints_and_mobile_restore[720] PASSED [ 97%]
tools/check_workspace_tabs.py::test_breakpoints_and_mobile_restore[721] PASSED [ 97%]
tools/check_workspace_tabs.py::test_breakpoints_and_mobile_restore[800] PASSED [ 97%]
tools/check_workspace_tabs.py::test_breakpoints_and_mobile_restore[801] PASSED [ 97%]
tools/check_workspace_tabs.py::test_breakpoints_and_mobile_restore[1024] PASSED [ 97%]
tools/check_workspace_tabs.py::test_breakpoints_and_mobile_restore[1920] PASSED [ 97%]
tools/check_workspace_tabs.py::test_reduced_motion_duplicate_init_and_blocked_storage PASSED [ 97%]
tools/check_workspace_tabs.py::test_atlas_renderer_still_works PASSED    [ 97%]
tools/check_reliability_browser.py::test_real_assess_and_advance_renders_receipt_and_keeps_tabs PASSED [ 97%]
tools/check_reliability_browser.py::test_successful_but_unreadable_result_is_recovered_not_repeated[<html>proxy error</html>] PASSED [ 97%]
tools/check_reliability_browser.py::test_successful_but_unreadable_result_is_recovered_not_repeated[{}] PASSED [ 97%]
tools/check_reliability_browser.py::test_successful_but_unreadable_result_is_recovered_not_repeated[{"state":null}] PASSED [ 98%]
tools/check_reliability_browser.py::test_successful_but_unreadable_result_is_recovered_not_repeated[{"state":{"world":"Overgeared","turn":"6"}}] PASSED [ 98%]
tools/check_reliability_browser.py::test_pending_request_survives_browser_reload PASSED [ 98%]
tools/check_reliability_browser.py::test_unknown_changed_state_is_not_resent PASSED [ 98%]
tools/check_reliability_browser.py::test_confirmation_recovery_opens_confirmation_not_result PASSED [ 98%]
tools/check_reliability_browser.py::test_contextual_suggestions_filter_unavailable_people_and_old_questions PASSED [ 98%]
tools/check_reliability_browser.py::test_long_chronicle_real_shell_at_responsive_widths[390] PASSED [ 98%]
tools/check_reliability_browser.py::test_long_chronicle_real_shell_at_responsive_widths[721] PASSED [ 98%]
tools/check_reliability_browser.py::test_long_chronicle_real_shell_at_responsive_widths[1366] PASSED [ 98%]
tools/check_reliability_browser.py::test_long_chronicle_real_shell_at_responsive_widths[1920] PASSED [ 98%]
tools/check_reliability_browser.py::test_map_zero_size_and_rebind_are_safe PASSED [ 98%]
tools/check_adventures_browser.py::test_timed_confirmation_cancel_then_real_resolution_preserves_draft_and_plan PASSED [ 98%]
tools/check_adventures_browser.py::test_confirming_training_uses_displayed_time_and_real_progress PASSED [ 98%]
tools/check_adventures_browser.py::test_real_purchase_requires_confirmation_and_stock_is_not_duplicated PASSED [ 99%]
tools/check_adventures_browser.py::test_stale_confirmation_is_rejected_without_spending PASSED [ 99%]
tools/check_adventures_browser.py::test_remote_location_plans_real_journey_no_remote_services PASSED [ 99%]
tools/check_adventures_browser.py::test_canon_is_visible_searchable_and_planning_spends_no_time PASSED [ 99%]
tools/check_adventures_browser.py::test_locations_and_confirmation_fit_responsive_shell[390] PASSED [ 99%]
tools/check_adventures_browser.py::test_locations_and_confirmation_fit_responsive_shell[721] PASSED [ 99%]
tools/check_adventures_browser.py::test_locations_and_confirmation_fit_responsive_shell[1024] PASSED [ 99%]
tools/check_adventures_browser.py::test_locations_and_confirmation_fit_responsive_shell[1920] PASSED [ 99%]
tools/check_adventures_browser.py::test_explicit_mission_acceptance_and_aftermath_link PASSED [ 99%]
tools/check_adventures_browser.py::test_tactical_objective_markers_survive_highlighting_and_controls[retrieval] PASSED [ 99%]
tools/check_adventures_browser.py::test_tactical_objective_markers_survive_highlighting_and_controls[protection] PASSED [ 99%]
tools/check_adventures_browser.py::test_tactical_objective_markers_survive_highlighting_and_controls[escape] PASSED [ 99%]
tools/check_adventures_browser.py::test_retrieval_from_real_tactical_controls_not_kill_all PASSED [100%]

======= 1268 passed, 1 skipped, 759 subtests passed in 168.35s (0:02:48) =======
